id,content
2717,There’s a Very Trumpian Law Inhibiting Puerto Rico’s Recovery. Trump Says He Doesn’t Want to Waive It.
2134,Democratic lawmakers reject Trump's latest immigration proposal
1899,"Ross Perot, billionaire tycoon and 2-time presidential candidate, dies at 89"
15,It’s Time to Offer Russia an Offramp. China Can Help With That.
1817,House panel approves impeachment inquiry parameters as Democrats try to clarify their strategy
1384,Why Facebook failed its civil rights audit
2615,Marco Rubio expresses doubts about the tax reform bill he just voted for
1816,Democratic primary polls are showing a 3-way race going into the third debate
1789,Source: Mike Pompeo was on Trump's July 25 phone call with Ukrainian President
2706,Trump just tweeted that he’s ready to deal with Democrats on health care
2416,Harley-Davidson is a loser in Trump’s trade war
447,Texas doctor who says he performed abortion sued in first known challenges under new law
2781,The Trump-Russia investigation is headed to a grand jury
1207,Secretly recorded tapes show Melania Trump's frustration at criticism for family separation policy and her bashing of Christmas decorations
194,January 6 may be only a preview of a deeper democratic rupture
1420,Senate Democrats say the Republican police reform bill is “not salvageable”
1225,"As they rally behind Trump's pick, GOP senators struggle to explain refusal to move on Obama's nominee"
2242,"Trump claims media to blame for 'anger' after bombs sent to CNN, Dems"
1929,"Trump says US moving forward on additional sanctions on Iran, willing to help 'make Iran great again'"
434,"Missed deadlines, GOP blockades and the week that makes or breaks Biden and Democrats"
98,A vital US-Canadian border crossing reopens after trucker blockade of Ambassador Bridge is cleared
1229,"200,000 Dead and All Trump Offered Was a Cynical Election Ploy"
1177,What’s next for Amy Coney Barrett’s Supreme Court nomination
2139,‘Fox & Friends’ Host Falsely Claims Alexandria Ocasio-Cortez Will Tax 70 Percent Of Paychecks
18,Covid-19 cases continue to rise in China's worst outbreak since Wuhan
1948,"Kamala Harris unveils immigration plan to expand deferred action, use executive action to provide pathway to citizenship"
2647,Top CFPB Official Sues Trump Administration As Showdown Over Agency Heats Up
731,New information on Wuhan researchers' illness furthers debate on pandemic origins
2520,"Mueller is investigating Trump, whether he’s a “criminal target” or not"
334,First Lawsuits Filed After Travis Scott Concert Leaves 8 Dead
1534,Trump signs historic $2 trillion stimulus after Congress passes it Friday
277,Omicron Coronavirus Variant Found In The U.S.
2084,House sends guns background check bill to the Senate with bipartisan support
406,Federal judge issues order blocking Texas' 6-week abortion ban
1327,"China sanctions Rubio, Cruz and other US officials for 'Hong Kong-related issues'"
136,Ukrainian official tells CNN Biden's call with Ukrainian President 'did not go well' but White House disputes account
1814,Joe Biden is the frontrunner for a reason
532,The fall of Afghanistan in 2021 is the result of years of American delusion
1648,Thousands of Iranian protesters hit streets condemning leaders over downed plane
310,Why Congress had to take a stand on Paul Gosar's video
44,The Russian People May Be Starting to Think Putin Is Insane
2448,Donald Trump Says Samantha Bee Should Be Fired
399,Southwest Airlines And The Pilots Union Say Vaccine Mandates Had Nothing To Do With The Massive Flight Cancelations
2400,Thai cave rescue operation suspended after four more boys freed
2039,"Drugs, crime, and foreign ties aren’t enough to deny a White House security clearance, whistleblower says"
1376,Trump administration drops plan to bar international students from US
2159,Alexandria Ocasio-Cortez Shuts Down GOP Haters With 8 Little Words
735,Los Angeles Police Department investigating altercation at restaurant as possible anti-Semitic hate crime
1224,Trump Refuses to Affirm That the Winner of the Election Will Be President
2058,Kirsten Gillibrand To Deliver First Major 2020 Speech In Front Of Trump Hotel
2288,"Trump: We will only give foreign aid to ""those who respect us and frankly our friends"""
903,Biden makes at least four false statistical claims at CNN town hall
1453,Tom Cotton's Fascist Op-Ed
802,Why Chauvin’s conviction matters
1708,Bloomberg News Won’t Investigate The Former Mayor During His Presidential Run
2298,President Trump just seriously escalated his efforts to interfere with Mueller’s probe
2528,Conservative attacks on March for Our Lives leaders are getting very personal
163,New York attorney general's office says it has identified numerous 'misleading statements and omissions' in Trump Org. financial statements
1448,More than half of states may be undercounting coronavirus cases by not following CDC guidelines
1174,Fact check: Competing town halls highlight Trump's dishonesty
1180,Amy Coney Barrett Keeps Insisting She Has “No Agenda” When It Comes to Abortion Law
1624,Trump unveils controversial Middle East plan alongside Netanyahu
1854,The Trump Team rewrites the Statue of Liberty
2503,"Trump bullish on North Korea talks, but willing to walk away"
2703,"Mike Pence’s NFL ‘Stunt’ In Indianapolis May Have Cost Taxpayers Over $200,000"
2304,Deficit expected to hit one trillion dollars two years earlier than expected
2724,John McCain: ‘I Cannot In Good Conscience Vote’ For The GOP Obamacare Repeal Bill
2617,Obama Warns Social Media Risks Splintering Society
2749,Donald Trump responds to North Korean missile launch by stating that 'All options are on the table'
926,Georgia secretary of state's office launches investigation into Trump's phone call
2322,Betsy DeVos is set to weaken sexual misconduct enforcement on campus
381,Supreme Court sides with police officers in two qualified immunity cases
1154,Amy Coney Barrett is now one step away from becoming a Supreme Court justice
2195,Trump Throws Down With Pelosi and Schumer Over Border Wall: ‘I Am Proud to Shut Down the Government’
1936,Republicans Claim Outrage Over Ocasio-Cortez’s “Concentration Camps” Remarks
1547,Tulsi Gabbard Drops Out And Endorses Joe Biden
1040,"AOC: Nancy Pelosi Needs To Go, but There’s Nobody To Replace Her Yet"
1416,'It Is Time for Reparations'
1185,Steve Scully Over Allegedly Hacked Tweet at Scaramucci
1607,Leaked Audio Captures Bloomberg Defending Racial Profiling and Stop-and-Frisk Policing
2756,The America First president just announced he's escalating the Afghanistan war
164,The real reason the right hates Anthony Fauci
976,Politico Newsroom In Uproar Over Ben Shapiro’s Guest Playbook Column
2798,Jeff Sessions is letting police take more people’s stuff even if they aren’t convicted of a crime
2131,President Donald Trump Postpones State Of The Union Until Shutdown Ends
2414,Justice Kennedy Retiring; Supreme Court to Become Trump Court
104,"In some blue states, masks are coming off -- but not everyone is ready"
2805,Congressman Takes First Formal Step To Impeach Trump
929,Biden Is Increasing The Number Of Refugees Allowed Into The US After Trump Decimated The Program
2442,Senate Republicans claim that Obama secretly helped Iran get around US sanctions
2576,Trump is worried about lives “shattered...by a mere allegation” after two aides are accused of domestic abuse
1945,Trump won't fire Conway despite federal agency recommendation
2859,Michael Flynn Wants Immunity Before Talking with Russia-Trump Investigators
2423,Tensions Run High For Republicans As House Heads To Doomed Immigration Votes
1125,Trump’s Pennsylvania lawsuits invoke Bush v. Gore — but SCOTUS probably won’t decide the election
2042,Trump adds a deadline on his threat to close the border
1970,Transport Secretary Elaine Chao Still Owns Road-Paving Company Stock She Promised To Get Rid Of
2460,OPINION: Trump's North Korea summit was a history-making gamble. Now it may not happen.
291,"To avoid Covid, here are four questions to ask family and friends ahead of Thanksgiving gatherings"
378,Colin Powell's death raises questions over his shameful Iraq War legacy
2478,White House Prepares To Send Congress $15 Billion Spending Cuts Package
1631,Joe Biden says he won't testify in impeachment trial in exchange for Republican witnesses
836,'60 Minutes' just gave Ron DeSantis a massive gift 
1715,What to expect from this week’s impeachment hearings
1618,Senate impeachment trial: Wednesday acquittal vote expected after effort to have witnesses fails
2936,Trump Goes Back To Original Immigration Position With Second 180 Flip
2684,Puerto Rico’s infrastructure will be rebuilt by a 2-person company with ties to Ryan Zinke
2783,Trump’s daughter-in-law pushes his propaganda: Lara Trump launches “real news” show to praise the president
2128,"Trump caves on shutdown, endorses reopening government for 3 weeks"
1001,"Democrats to take Senate as Ossoff wins runoff, CNN projects"
2029,It's deadline day for Trump's tax returns
1720,"Roger Stone found guilty of laundry-list of crimes stemming from his contacts with WikiLeaks, Trump campaign"
799,Ohio officials release more body cam video of fatal police shooting of Black teen and urge community to await the facts
139,Politicizing the Holocaust dehumanizes us all
1655,John Bolton says he’s willing to testify at Trump impeachment trial
1731,Lawyer for Ukraine whistleblower sends White House cease and desist letter to stop Trump's attacks
2807,Sen. John McCain: Senate Health Care Bill ‘Is Probably Going To Be Dead’
514,Dr. Fauci says no end to COVID pandemic before spring 2022 — at the earliest
1677,Pelosi Signals Possible Delay To Senate Impeachment Trial
1328,Trump Vows Coverage For Preexisting Conditions — As He Fights To Kill It In Court
169,The powerful woman who inspired MLK
1787,Bernie Sanders Cancels Campaign Events After Hospitalization for Chest Pain
2532,The March for Our Lives Presents a Radical New Model for Youth Protest
1839,A Palestinian Freshman Arrived in the U.S. to Study at Harvard. Immigration Officials Revoked His Visa and Deported Him.
390,"Joe Rogan Admits He Almost Got Vaxxed, Tells People to ‘Get Vaccinated and Then Get Sick’"
775,What’s Next for the Most Committed Anti-Trump Republican?
2313,Twitter Finally Bans Alex Jones And Infowars
1334,Biden should pick a Black woman for VP. Here are 6 great options
1976,Republicans Wanted Groups like Planned Parenthood to Sue Over Alabama’s Abortion Ban. They Just Did.
669,"Supreme Court dismisses challenge to Affordable Care Act, leaving it in place"
2681,"Trump will declare opioid epidemic a public health emergency, not a national emergency"
28,Biden administration set to extend travel mask mandate for another month
1560,Here's what Trump's coronavirus emergency declaration does
2199,"Brexit vote delayed as Theresa May pulls the plug, sources say"
2476,The biggest #MeToo betrayal yet: why the Eric Schneiderman allegations are so chilling
2211,Trump agrees to freeze higher tariffs on $200B in Chinese goods — for now
2387,Trump caved spectacularly to Putin. Here's what might happen next
2468,Trump Orders Help For Chinese Phone-Maker After China Approves Money For Trump Project
2499,What US and North Korea mean when they talk about denuclearization
491,Texas' repugnant abortion law is pure Republican hypocrisy
1023,"House Republicans Block $2,000 Coronavirus Stimulus Checks, Defying Trump"
1767,Trump Chooses His Own Doral Resort to Host the Next G7 Summit
1367,The signs of a Democratic landslide are everywhere
1254,Corporate broadcast TV news fails to make crucial connection between record-breaking California wildfires and climate crisis
251,More Than 50 Dead in Kentucky Alone as Devastating Tornadoes Strike Six States
1724,"University of Florida Student President Faces Impeachment Over $50,000 Donald Trump Jr. Visit"
1797,Read the transcript of Trump’s call with Ukraine’s president
685,Pelosi Goes After Ilhan Omar for Tweet Comparing U.S. to Taliban
838,'60 Minutes' faces backlash from Democrats and Publix for critical story on Florida's vaccine rollout
1699,John Kerry endorses Joe Biden for 2020 election
2038,Trump punts on health care until after the 2020 election
1164,Pope Francis Said He Supports Civil Unions For Same-Sex Couples
1223,President Trump Finally Laid Out His Healthcare Plan. It Doesn’t Do Anything.
849,Does Biden's $2 trillion plan to rebuild infrastructure and stop climate change go far enough?
142,Supreme Court Justice Stephen Breyer plans to retire
1373,"Consumer prices rebounded in June, but that's not the whole story"
2585,"Trump, in a panic over dud Nunes' memo, says Adam Schiff 'must be stopped'  By Mark Sumner   Monday"
1431,"In An Election Year, 2 Vulnerable GOP Senators Are Suddenly Conservationists"
2168,Even Anti-Abortion Gov. Kasich Couldn’t Sign This Extreme Abortion Measure
1684,Supreme Court won't revive law allowing Boise to ticket homeless who sleep on sidewalks
360,We Need to Tax the Billionaires Right Now
2344,The FCC shuts down Austin pirate radio station that served as Alex Jones flagship
37,Biden Administration Bans Russian Oil Imports
2245,Supreme Court blocks deposition of Commerce chief Ross over census question
241,Talks between Manchin and Biden at standstill as Build Back Better likely stalled until next year
2192,EPA Proposes Gutting Obama-Era Rule Protecting 117 Million Americans’ Water
1738,At Least Nine Members of Mormon Family Killed in Apparent Drug Cartel Ambush in Northern Mexico
823,Tehran says it will ramp up uranium enrichment levels following apparent attack on Iranian nuclear facility
2110,The Supreme Court has blocked a Louisiana abortion law — for now
2879,Senate Democrats talk all night to protest Betsy DeVos. Can you make one last call against her?
2818,Supreme Court To Take On Trump’s Travel Ban
700,Facebook Cuts ‘Indefinite’ Trump Suspension To A 2-Year Sentence
1992,"Sweden Reopens Investigation of Julian Assange for Rape, Complicating U.S. Extradition"
2219,Time For Another Tax Cut!
1803,Alexandria Ocasio-Cortez: Democrats’ Refusal To Impeach Trump Is A ‘National Scandal’
1386,Trump Is ‘Looking At’ Banning TikTok
559,"First in the nation, NYC to mandate proof of COVID vaccination for most indoor activities"
1199,CDC again updates guidance to say Covid-19 can spread by airborne transmission
2080,House Oversight Committee issues ultimatum to White House over security clearance information
2253,3 key moments in Ted Cruz and Beto O’Rourke’s final Senate debate
1504,This is how Mother's Day was born
2624,Alabama is first state to freeze enrollment to Children’s Health Insurance Program
268,"Germany locks down unvaccinated people, as leaders plan to make shots compulsory"
1340,US to raise naturalization application fees by $500
1375,"Controversial opinion writer Bari Weiss resigns from The New York Times, blasting paper for 'illiberal environment'"
1213,The Most Brazen Trick Trump Tried to Pull on His Taxes
784,The free speech case so complicated it seems to have stumped the Supreme Court
2609,Jeff Sessions Unleashes Federal Prosecutors On Legal Marijuana
1653,Iran Attacks U.S. Military Facilities In Iraq
85,11 Arrested as Cops Find Cache of Weapons in ‘Freedom Convoy’ Protests
1669,Biden Reverses Course: “I Would Obey Any Subpoena That Was Sent to Me”
2790,Joint Chiefs: We Won’t Implement a Trans Ban Until Trump Tells Us What His Tweets Mean
1755,"Kellyanne Conway Lashes Out: ‘If I Threaten Someone, You’ll Know It’"
1784,Republicans dare Pelosi to hold impeachment vote
2527,Trump is reportedly telling aides he wants US troops out of Syria
2646,Senate Republicans Looking To Play ‘Let’s Make A Deal’ On Tax Cuts
2885,Chelsea Manning’s commutation is part of a historic year in reducing prison sentences
228,What We Lose if We Don’t Build Back Better
1675,Saudi Arabia sentences five to death for Khashoggi murder but clears three top officials
2223,"Contradicting Trump, Incoming Mexico Gov’t Denies Making Deal To Host Asylum Seekers"
41,"Fighting Russia in Ukraine sadly appeals to racist, far-right extremists"
2645,White House Plans To Replace Rex Tillerson With Mike Pompeo
940,Biden asks Supreme Court to delay oral arguments on border wall and asylum rule
222,"I'm vaccinated, boosted and have no health problems. I'm traveling for the holidays"
1052,FDA advisers recommend the first Covid-19 vaccine for emergency use in the US
2303,"Andrew Cuomo has won himself another term, but his presidential aspirations are dead"
2133,Supreme Court allows transgender military ban to go into effect
2771,Donald Trump Claims U.S. Military ‘Locked And Loaded’ For North Korea
530,The Taliban Just Gave Its First Press Conference After Taking Afghanistan
1979,"More Than 20 States, Cities Sue Trump Administration Over ‘Conscience’ Rule"
116,Pence says 'Trump is wrong' to say then-vice president had the right to overturn 2020 election
2895,The Smear Campaign Against Keith Ellison is Repugnant but Reveals Much About Washington
2102,Judge rules that Manafort deliberately lied to Mueller’s team during cooperation
2438,Trump's improvisation faces decades of North Korean preparation
2856,"The lesson of Gorsuch and the nuclear option: ""Neither party has any incentive to compromise"""
1397,Frederick Douglass' descendants recite his famous speech about July 4th
1919,Apple Goes All In on China
1140,Glenn Greenwald Throws a Fit
1903,It's Not Nice to Lie to the Supreme Court
1895,"ICE raids are looming. Panicked immigrants are skipping work, hiding out and bracing for the worst"
2376,Trump Responds To Release Of Secret Michael Cohen Tape
269,"Parents of Michigan school shooting suspect held on $500,000 bond each after manhunt"
1062,Texas files desperate bid with Supreme Court asking justices to allow lawsuit against battleground states
2108,Lawmakers heading to funding deal with far less border money than Trump wants
2218,Mississippi runoff: What we learned from 2018's last Senate race
1629,"In Stirring Closing Speech, Schiff Goes to the Heart of Why Trump Should Be Removed"
384,Democrats Trash Findings From Biden's Supreme Court Reform Commission
2148,Senate Democrats pushed a vote to reopen the government. Mitch McConnell shot them down.
1113,"McConnell rejects Dem demand for big Covid relief package, stands by push for 'highly targeted' bill"
1793,"NRA Became ‘Foreign Asset’ To Russia Before 2016 Election, Senate Report Says"
2504,"Mitch McConnell sees 'no indication' Donald Trump might fire Robert Mueller. Um, what?"
2121,Wisconsin’s Foxconn Debacle Keeps Getting Worse
2337,David Hogg Is Taking His Gap Year at the Barricades
1394,The Supreme Court Declined An Invitation to Blow Up the Presidential Election
1781,Judge dismisses Trump request to keep taxes secret in New York
2289, Michael Avenatti Implicates Kavanaugh in Pattern of Teenage Sexual Assault
1467,Twitter Conceals Trump and White House’s Threats to Minneapolis Protesters for ‘Glorifying Violence’
2793,Donald Trump continues to try and make Attorney General Jeff Sessions quit
2166,Chuck Todd Refuses To Give Air Time To Climate Deniers: ‘The Science Is Settled’
1593,"After the Nevada Blowout, It’s Bernie’s Party Now"
132,Trump offers chilling glimpse into possible second term
2284,"Ford, her voice shaking, describes the night she was sexually assaulted"
584,"With Tokyo 2020 overshadowed by Covid-19, athletes are left to bring light to troubled Olympics"
1380,White House takes aim at Fauci as he disagrees with Trump on virus
1438,Rand Paul introduces bill to end the type of warrant involved in Breonna Taylor's death
789,"Census Bureau announces 331 million people in US, Texas will add two congressional seats"
495,Texas 6-week abortion ban takes effect after Supreme Court inaction
1459,Esper breaks with Trump to oppose using active duty troops to quell protests
1155,The US broke its record for the highest number of new coronavirus cases in a day
1791,Trump’s Buddy Chris Collins Just Resigned From Congress
2507,Comey Confirms That Hillary Clinton’s Inevitability Was Her Undoing
948,Where does the GameStop mania end?
1265,Joe Biden's true lead is smaller than it appears
925,DOJ to ask Trump-appointed US attorneys to resign
36,Florida’s monstrous ‘Don’t Say Gay’ bill passes final hurdle and heads to governor’s desk
1530,Trump Moves Forward On Biggest Environmental Rollback To Date Amid Pandemic Chaos
2707,Will the NRA Use Regulation of “Bump Stocks” as Excuse to Avoid “Real Action” on Gun Control?
2228,Trump lawyers say he has submitted written answers to some Mueller questions
1493,Ousted whistleblower warns US is heading toward “darkest winter in modern history”
2331,OPINION: Jeff Sessions finally punches back at Donald Trump -- hard
2873,Trump White House Bars News Organizations From Press Briefing
1761,Justin Trudeau Narrowly Survived Canada's Election To Win A Second Term As Prime Minister
704,Biden won't create presidential commission on January 6 attack
2309,Trump Combines Two of His Favorite Empty Threats in Response to NYT Op-Ed
1663,Julián Castro Drops Out Of 2020 Presidential Race
659,Senate Republicans block signature Democratic election bill in key test vote
1352,Research on voting by mail says it’s safe — from fraud and disease
1247,Rank-and-file House members achieve rare bipartisan consensus in bid to press Hill leaders to cut stimulus deal
2395,Senate overwhelmingly rebukes Trump with tariff vote
205,22 things we think will happen in 2022
1167,Debate commission to mute candidates during their opponent's initial responses to prevent interruptions
1697,Pensacola employee describes scene outside naval base after mass shooting
734,"A Cease-Fire, and New Ideas in Israel and the Palestinian Territories"
2403,"Richard Spencer learns about strong borders, barred from European travel"
394,US will re-open Canadian and Mexican borders to fully vaccinated visitors
2299,Coke could make a move into cannabis-infused drinks
1093,Trump Administration Finally Clears Way For Biden Transition To Begin
1989,Alabama Senate passes near-total abortion ban
1078,Dr. Scott Atlas resigns from Trump administration
1119,The Republican Party Is Attacking Democracy
613,Cuba's protests are unprecedented but the future for newly defiant Cubans is anything but certain
1671,Benjamin Netanyahu wins Likud party leadership race
1938,Harvard's rejection of Parkland student made sense
2467,"North Korea Threatens To ‘Reconsider’ Trump Summit, Cancels South Korea Talks"
2085,Cohen testimony: Trump's former lawyer says Trump knew Stone talked to WikiLeaks
2786,The most alarming passages from Trump’s fearmongering Long Island speech
2020,Has Joe Biden Lost His Ability to Unite Democrats?
869,"The US added 379,000 jobs in February, signaling the recovery is finally gaining steam"
2666,"Syria Vows To Sign Paris Agreement, Leaving U.S. Alone In Climate Denial"
2222,Trump seizes on border unrest ahead of perilous month
1911,Navy SEAL Chief Eddie Gallagher Found Not Guilty In Killing Of ISIS Detainee
2594,Solar Industry Braces For Job Losses As Trump Puts Fees On Imported Panels
1930,Armed Extremists Just Escalated Oregon’s Fight Over Climate Legislation
2440,"Trump calls for elimination of tariffs, end to US being world's 'piggy bank'"
2606,The fine print in the major DACA decision is a doozy  
1528,Idaho Governor Signs 2 Bills into Law Denying Trans People Basic Rights
2555,NRA sued to block Florida’s new gun law hours after it was passed
2346,Christine Hallquist Scores Historic Win In Vermont’s Democratic Gubernatorial Primary
2036,OPINION: Congress wants to reveal Trump's biggest secret
1540,A Man Died After Self-Medicating With A Drug Trump Promoted As A Potential Treatment For The Coronavirus
1961,"Trump admin imposes new travel restrictions on Cuba, banning cruise ships"
1303,Hits and misses from Night 3 of the Democratic National Convention
300,Kyle Rittenhouse Was a Minor. Prosecuting Him as One May Have Been Better.
1028,Congress has officially passed a $900 billion Covid-19 relief package
2267,The Dire Warnings of the United Nations’ Latest Climate-Change Report
1641,"At the Iowa Debate, Bernie Sanders' Most Vociferous Opponent Was CNN "
2191,"Trump publicly breaks his silence after former ""fixer"" sentenced to 3 years in prison"
2806,Donald Trump Says His Son Is An ‘Innocent’ Victim Of ‘Witch Hunt’
2355,Trump stokes attacks on NFL players who protest
519,"In Afghanistan, China Is Ready to Step Into the Void"
325,What the end of the Covid-19 pandemic could look like
1377,What’s in a name?
2372,Facebook Finally Dumps Alex Jones — But Only for 30 Days
1404,"Fauci warns Congress that new US coronavirus cases could rise to 100,000 a day"
1173,What the FCC can and can’t do to Section 230
2920,Tim Kaine didn’t win Mr. Congeniality — but he got the job done in V.P. debate
1099,Giuliani sweats profusely while falsely accusing Biden of ‘horrible’ crimes during bizarre press conference
1524,Trump's moves on immigration reveal his true motives
248,"Meadows said National Guard would be ready to 'protect pro Trump people' before Capitol insurrection, House investigators say"
993,Storming Of the Capitol was Openly Planned But Ignored By Law Enforcement
1137,Trump Can’t Just “Declare Victory”
64,The CDC Said Most People In The Country Can Stop Using Face Masks To Protect Against COVID
2311,"If Kavanaugh is confirmed, any of these 13 cases could end Roe v. Wade"
1853,Israel bars Democratic congresswomen from entering country
733,"New York COVID restrictions lifted, Cuomo calls changes a ‘milestone’"
65,US to impose sanctions on Putin following Ukraine invasion
2291,Ford seeks to shift the balance of power in Kavanaugh drama
173,Baltimore state's attorney Marilyn Mosby indicted on charges of perjury and making false statements on mortgage applications
2669,"Bowe Bergdahl won’t serve prison time, and that’s making Trump really angry"
2297,OPINION: Day of reckoning looms for Kavanaugh and his accuser
2789,"Reince Priebus’s ouster as chief of staff, explained"
234,The execution of Julian Assange: He exposed the crimes of empire — and that can't be tolerated
2004,"Facebook bans Louis Farrakhan, Milo Yiannopoulos, InfoWars and others from its platforms as 'dangerous'"
2696,18 states sue Trump administration over halted Obamacare subsidies
1515,Celebrating May Day Starts by Taking Workers Seriously
183,Biden calls for getting rid of the filibuster to pass election reform
2701,The Jones Act Waiver For Puerto Rico Just Expired And Won’t Be Renewed
1400,Russia just paved the way for Putin to be president for life
2604,"Report: Trump Lawyer Paid Porn Actress $130,000 For Silence Just Before Election"
1512,Homeland Security claims China didn’t reveal COVID-19 crisis to stockpile masks — it still doesn’t explain Trump’s inaction
754,Republicans draw 'red line' on increasing taxes to fund Biden's infrastructure plan
2109,Matthew Whitaker Refuses To Talk About Conversations With Trump On Mueller Probe
2731,"Explosion Rocks London Tube Station, Sending Commuters Into Panic"
153,Why Russia's Ukraine aggression matters to Americans
2437,Trump Says North Korea Summit Agreement Is Far More ‘Comprehensive’ Than It Actually Is
352,Why Democrats are in a lot of trouble in Virginia
1156,Toned-down Trump continues his onslaught of falsehoods
884,Mitch McConnell Says He’d ‘Absolutely’ Back Donald Trump In 2024 Presidential Race
1191,Trump says he won't participate in next debate after commission announces it will be virtual
156,Did Joe Biden really say that the 2022 election could be 'illegitimate'?
1070,Obama said “defund the police” is a bad slogan. This shouldn’t come as a surprise.
950,Rand Paul calls impeachment 'dead on arrival' after most Republicans signal that trial is unconstitutional
2479,"Melania Trump Is Forging Her Own Path As First Lady, In Spite Of Her Husband"
1924,EPA Air Chief Bill Wehrum Abruptly Departs Amid Ethics Probe
2733,House Rejects Sessions Order Giving Cops More Power To Take Innocent People’s Stuff
1257,'Play it down': Trump admits to concealing the true threat of coronavirus in new Woodward book
2022,"Barr says ""no evidence that any Americans"" helped Russian government — but one has been charged"
489,Biden launches federal effort to respond to Texas law as he faces pressure to protect abortion
2385,OPINION: Democrats should maybe slow their roll on pushing Alexandria Ocasio-Cortez as their next big star
1267,US job growth slowly continues following pandemic losses
1014,"There is no sign that a bill on $2,000 checks is going to get a vote in the Senate"
1869,Rep. Alexandria Ocasio-Cortez's chief of staff is leaving her office
918,Twitter permanently bans Project Veritas account
2913,Newt Gingrich Defends Donald Trump By Accusing Megyn Kelly Of Being Obsessed With Sex
1717,House investigating whether Trump lied to Mueller
2010,New York Times says it is 'deeply sorry' for running anti-Semitic cartoon
1904,"US economy adds 224,000 jobs in June"
1682,McConnell rejects Schumer's call for witnesses at impeachment trial
184,16 top colleges sued for alleged violation of federal antitrust laws by colluding on their financial-aid practices
1039,Mike Pence To Get A COVID-19 Vaccine On Live TV
1802,"Trump admits he discussed Biden with Ukraine, but says he was just worried about corruption"
1769,Democratic leaders storm out of Syria meeting after ‘appalling’ Trump calls Pelosi ‘third-rate politician’ to her face
2285,Michael Avenatti’s client says she witnessed Kavanaugh sexually assault girls in high school
644,House votes to remove Confederate statues and replace Roger B. Taney bust
254,Jussie Smollett being found guilty of hoax will hurt LGBTQ folks reporting hate crimes
1496,Remember When Trump Said He’d Be Happy to Share His Tax Returns?
681,What Florida’s “Critical Race Theory” Ban Tells Us About Anti-Antiracism
1981,Mitch McConnell And Tim Kaine Want To End Tobacco Sales To Anyone Under 21
690,Biden-GOP Infrastructure Talks Dead
2280,"The US, Canada, and Mexico have a new NAFTA deal. It’s called USMCA."
1481,Hong Kong demonstrators defy lockdowns to protest a sweeping new national security law
1640,US troops were injured in Iran missile attack despite Pentagon initially saying there were no casualties
1484,All states are partially reopen leaving Americans to weigh the risk of venturing out again
2375,President Trump 'very concerned' Russia will meddle in midterm elections — to help Democrats
1703,Newsweek reporter fired for ‘Trump tweets on Thanksgiving’ story — even though it was editor’s fault
2239,Instagram Finally Pulls Milo Yiannopoulos Post Lamenting The Bombs ‘Didn’t Go Off’
1201,A door busted open. A chaotic scene. A life taken. What the Breonna Taylor grand jury audio reveals
2391,Republicans Stage Partisan Showdown Against FBI Agent Peter Strzok
2474,Congress Can Still Save the Internet—but the Clock Is Ticking
148,Biden caught on hot mic calling Fox reporter 'a stupid son of a bitch'
2377,Trump: “Tariffs are the greatest.” Also farmers need $12 billion in aid because of tariffs.
1809,Alexandria Ocasio-Cortez Makes Her First House Endorsement Against Democratic Incumbent
1314,CDC study sheds new light on mental health crisis linked to coronavirus pandemic
1666,Doctors say Bernie Sanders is fit for the presidency nearly three months after heart attack
2709,“Pro-Life” Congressman Caught Telling His Extramarital Boo to Get an Abortion
2243,Why Donald Trump Declaring Himself A ‘Nationalist’ Is So Loaded
2370,Jeff Sessions' 'Religious Liberty Task Force' Declares Holy War on LGBT People
1239,The Trump Administration Is Banning Americans From Downloading TikTok And WeChat
369,Netflix Employees Stage Dave Chappelle Walkout: ‘Lives Are at Stake’
2181,"In Syria withdrawal, Trump discards advice from allies and officials"
1627,Senate impeachment trial: Trump's defense team makes their case
1283,The Conservative Defense of Kyle Rittenhouse Is Dangerous Nonsense
1027,"Trump announces wave of pardons, including Papadopoulos and former lawmakers Hunter and Collins"
2916,James O’Keefe releases another Project Veritas video claiming Hillary Clinton campaign is “bird dogging”
237,A question for Pelosi: Why are members of Congress allowed to trade stocks?
2589,"As Republicans Attack The DOJ And FBI, Sessions Vows To Stand Up To ‘Unfair’ Criticism"
2188,Scott Walker Signs Wisconsin GOP’s Massive Power Grab Into Law
2567,"Florida House Debates Porn, But Refuses To Discuss Assault Weapons"
1221,Ruth Bader Ginsburg will become the first woman to lie in state in the US Capitol. Here's who else made history
2816,Trump Administration Prepares To Start Enforcing Travel Ban
763,Tentative bipartisan agreement reached on some key issues in policing overhaul
1188,The FBI Said It Busted A Domestic Terror Plot To Kidnap Michigan Gov. Gretchen Whitmer
2263,"North Dakota’s Voter ID Law Will Disenfranchise Thousands of Native Americans, Imperiling Heitkamp"
1450,"Philadelphia Inquirer’s executive editor steps down after ‘Buildings Matter, Too’ headline"
2155,Broadcast networks deliberating whether to air Trump's prime time immigration address
511,Pentagon mandates US military service members receive Covid vaccine immediately
318,COP26 climate deal includes historic reference to fossil fuels but doesn't meet urgency of the crisis
1362,Trump Endorses a New Three-Fifths Clause
794,Kamala Harris cements her place in Biden's inner circle during a consequential week
2621,"The 2017 government shutdown fight, explained"
2023,Trump Vetoes Bill To End U.S. Support For Saudis In Yemen War
2581,Trump Saw A Military Parade In France And Now He Wants One Of His Very Own
60,"'Delay means death': We're running out of ways to adapt to the climate crisis, new report shows. Here are the key takeaways"
535,CDC recommends third Covid-19 vaccine dose for certain immunocompromised people
2473,"Trump withdraws from Iran nuclear deal, isolating him further from world"
1343,Unemployment claims rise for second week in a row
459,"Pentagon, White House mobilize defense of Milley amid criticism over China calls"
112,Joe Rogan’s Use of the N-Word Is Far From the Whole Story
2715,"Royal Caribbean deploys Adventure of the Seas ship to assist Puerto Rico with supplies, evacuations"
2333,Trump says longstanding legal practice of flipping 'almost ought to be illegal'
403,Senate votes to extend debt ceiling through early December
2631,Treasury Department admits Senate tax plan won’t pay for itself
2268,UN Ambassador Nikki Haley resigns
1937,"Patrick Shanahan Pulls Out Of Defense Secretary Confirmation Process, Trump Tweets"
1418,Appeals Court Forces Dismissal Of Michael Flynn Case Over Judge’s Objections
2418,Donald Trump’s authoritarian power-grab: Due process is for wimps
2813,Trump Marks Independence Day Weekend With Fantasy About Beating Up Journalists
1134,The 3 biggest governor races to watch in 2020
2273,Senate votes 51-49 to move Kavanaugh's nomination to a final vote
175,Supreme Court Blocks Biden’s Vaccine-Or-Test Rule For Large Employers
78,Why a Putin summit would be a huge risk for Biden
2774,Google Was Right to Fire the Memo Writer
2213,Trump Loses Another Court Battle Over Sanctuary Cities
1363,Right-wing media plays up Portland protest 'violence'
498,"The last US military planes have left Afghanistan, marking the end of the United States' longest war"
1987,Report: SAT will assign a new score that factors in where you live and how much your parents make
2415,Supreme Court rules in favor of Trump’s travel ban
1000,"US Capitol secured, woman dead after rioters stormed the halls of Congress to block Biden's win"
2255,Trump Hits A New High-Water Mark: The Biggest Federal Deficit In 6 Years
2399,The list of Jim Jordan accusers keeps growing
682,Justice Department watchdog to investigate data seizure as House Democrats discuss impacts of leak probe
1598,Andrew Yang joins CNN as a political commentator
332,DOJ asks federal appeals court to lift temporary order blocking Covid-19 vaccine mandate
1447,Trump Falsely Accuses an Elderly Buffalo Protester of Staging His Violent Police Encounter
2262,Kanye West Just Delivered the Craziest Oval Office Performance of All Time
848,Gun background checks soar to record in March following mass shootings and gun-control bills
1002,A step-by-step guide to Wednesday's electoral vote count in Congress
1423,Trump Is Suspending Certain Visas For Foreign Workers
444,DHS releasing some Haitians into US despite claims they would be immediately expelled
2801,Trumpcare vote delayed while McCain recovers from surgery
2107,Democrats and Republicans Say Second Shutdown ‘Train Wreck’ on Horizon
1464,No More Money for the Police
181,Pro-Trump Republicans try to rewrite state election laws as a voting rights showdown looms in Congress
2257,Jamal Khashoggi disappearance: Trump to send Pompeo to meet Saudi King
1985,US lifts steel and aluminum tariffs on Canada and Mexico
121,"ISIS leader killed in US-led Syria raid, Biden says"
2455,Trump Unbelievably Rips Dems For Immigrant Kids Being Separated From Parents
547,"Democrats release $3.5 trillion budget resolution, which doesn't include an increase to the debt limit"
2674,Puerto Rico’s power restoration efforts hit a snag as Trump-connected company gets the boot
808,Biden preparing for 'tinderbox' with country on edge ahead of verdict in Chauvin trial
2714,"At Least 50 Dead, Hundreds Wounded In Shooting At Las Vegas Country Music Festival"
1187,Pelosi pushes new bill to determine whether Trump is capable of serving as President
1083,What happens to Black Friday crowds in a pandemic?
2120,Top Republicans pushing back on Trump's national security moves
1830,CNN is giving 2020 Democrats 7 hours to talk about climate change
1176,C-SPAN Suspends Editor Steve Scully for Lying About Hacked Twitter
2743,Special counsel in Trump-Russia investigation partners with IRS
2151,Florida Officially Changes Jim Crow-Rooted Felon Disenfranchisement Policy
1747,Twitter’s Announcement on Banning Political Ads Is a Subtweet of Mark Zuckerberg
2613,Over 450 Protesters Arrested In Tehran During Crackdown On Anti-Government Demonstrations
135,The Real Reason Neil Young Can Afford to Leave Spotify
2673,This could be the most important revelation in all of today’s Trump-Russia news
1947,Legal Experts Explode Over Donald Trump’s ‘Despicable’ 2020 Bombshell
2316,Nike backs Kaepernick: A declaration of war?
928,"More contagious coronavirus variant identified in UK is spreading rapidly throughout the US, study says"
2208,Capitol Hill ceremony to honor Bush offers bipartisan moment
215,CDC shortens recommended Covid-19 isolation and quarantine time
2907,Don’t Be Surprised. This Is The America You Have Always Lived In.
639,Supreme Court says Arizona limits don't violate Voting Rights Act
2553,Betsy DeVos' trainwreck interview on '60 Minutes'
1056,Key committee meets Thursday to consider FDA authorization for Pfizer/BioNTech Covid-19 vaccine
1664,A New Year’s Climate Diet
2596,The Government Shutdown Is Over and It May or May Not Be Because Democrats Folded Like a Cheap Suit
2361,Trump's base-focused midterm approach tested in Ohio and Kansas races Tuesday
1915,Hong Kong protesters storm government building over China extradition bill
1075,Bill Barr Just Kneecapped Trump’s Election Conspiracy Theory
2746,Explosions at flooded Texas chemical plant
811,"Cuba's Raul Castro steps down, ending the era of his famous clan at the country's helm"
2230,"White House backs down from legal fight, restores Jim Acosta's press pass"
2711,The House just passed a 20-week abortion ban. Opponents say it's “basically relying on junk science.”
830,Amazon Has Enough Votes to Bust Bessemer Union
2202,Remember when Trump said he’d fix the trade deficit? It just rose again.
1588,Trump Administration Can Withhold Grants From ‘Sanctuary Cities’: Court
1487,Is it safe for day care centers to be open right now?
2282,Some Democrats walked out of the Senate Judiciary Committee meeting
852,Here's what's in Biden's infrastructure proposal
158,Florida GOP Wants to Ban Making White People Feel ‘Discomfort’ About Racism
565,Biden's Justice Department says IRS 'must' hand over Trump tax returns to Congress
2090,Democrats demand Barr publicly release full Mueller report
2349,"Democrats' bid to save the Midwest shifts to Wisconsin, Minnesota primaries"
2663,Trump chooses Putin's word over the US intelligence community — again
354,FDA authorizes Pfizer's Covid-19 vaccine for children 5 to 11
2215,Senate committee cancels votes on judicial nominees after Jeff Flake’s Mueller ultimatum
2386,Trump says he meant to say the exact opposite of what he said about Russia’s election meddling
2620,Trump Administration Considers Tearing Families Apart In New Immigration Crackdown
1950,Alexandria Ocasio-Cortez Explains ‘Dark Money’ Reason Lawmakers Need Pay Raise
979,"Joe Biden’s $1.9 trillion Covid-19 stimulus plan, explained"
2119,"Bernie Sanders’s new plan to supercharge the estate tax, explained"
1633,Senate impeachment trial: Republicans vote to table Schumer amendment seeking documents
1233,"Barr Declares NYC, Seattle, Portland 'Anarchist’ Cities and Threatens Funding Cuts"
227,Harvard professor found guilty of lying about Chinese government ties
253,The Supreme Court decision makes it difficult for abortion providers to stop future civil lawsuits
883,Senate parliamentarian rules against including minimum wage in Covid relief bill
1219,Democrats: Amy Coney Barrett Will Strip Millions of Health Insurance
965,"US surpasses 400,000 deaths from Covid-19"
351,"'Let's go Brandon,' explained"
475,NIH Documents Provide New Evidence U.S. Funded Gain-of-Function Research in Wuhan
331,The Crippling Blow for the Steele Dossier
210,Ghislaine Maxwell found guilty of serving as Jeffrey Epstein’s chief recruiter of underage victims
1668,There was an attack on Jewish New Yorkers almost every day last week. Police are investigating these as possible hate crimes
1236,"Ruth Bader Ginsburg, Supreme Court Justice and Pioneer of Gender Equality, Dead at 87"
1579,Can the Fed and Friends Save the Economy?
873,"Rep. Ronny Jackson made sexual comments, drank alcohol and took Ambien while working as White House physician, Pentagon watchdog finds"
1844,Sarah Sanders becomes the latest ex-Trump official to join Fox News
2745,How Democrats Can Win With Medicare For All
2390,"After Mueller’s Russian indictments, Trump returns to a familiar line: blame Obama"
1474,Twitter has finally started fact-checking Trump
2,Confirmation hearings begin for Supreme Court nominee Ketanji Brown Jackson
998,US marks deadliest day of Covid-19 pandemic as experts mull expanding vaccine distribution
1944,Here are the matchups for the first 2020 Democratic debates
287,Black Friday reminds us that Americans are addicted to buying things
913,"It’s still too soon to ease up on mask use, says CDC Director Dr. Rochelle Walensky"
2434,Another Trump critic falls and 5 other things we learned from Tuesday's primaries
2153,"Supreme Court issues ‘crushing blow’ to Exxon in major climate case, legal experts say"
2227,Why Chief Justice John Roberts spoke out
2814,"Trump’s “election integrity” commission wants every voter’s name, party ID, and address"
2406,Judge: Students Have No Right to Literacy
2112,Fact-checking Trump's State of the Union address
1387,"For 16th straight week, unemployment filings top 1 million"
2697,House Democrat prepares impeachment articles against Trump — citing his tweets
893,Supreme Court denies election appeal from Pennsylvania Republicans
533,Hochul vows ‘zero tolerance’ in her administration once she becomes New York governor
2198,YouTube Finally Bans Alt-Right Hate Group Founder Gavin McInnes for … ‘Copyright Infringement’
1582,"Jack Welch, former GE CEO, is dead"
1902,A second earthquake hit Southern California in as many days. It's 11 times stronger than Thursday's
665,"US Catholic bishops advance communion document, setting up potential rebuke of Biden"
2768,You Can Thank Trump For The White Nationalist Rampage
1807,Israel’s election results show Netanyahu is in serious trouble
2083,"Trump, Kim Fail To Reach Agreement In Hanoi After Talks Abruptly Collapse"
2564,Dick’s Sporting Goods Will Quit Selling Assault-Style Rifles
1209,Senate Will Hold Hearing With Tech CEOs Before the Election
2240,Chuck Grassley Suddenly Concerned About People Lying to Congress
962,Amazon to Biden: Prioritize our workers for the vaccine
1934,Biden defends comments about segregationist senators: 'There's not a racist bone in my body'
1686,Boris Johnson and the Coming Trump Victory in 2020
2522,"Trump’s call to guard “our border with our military,” explained"
2922,Congress Hands Barack Obama The First Veto Override Of His Presidency
162,NBA silence on China proves it's less interested in human rights than the bottom line
2863,Dealmaker Trump Goes to the Hill
2808,"‘Half The City Is Burning’: Hamburg Rocked By Violent, Anti-G-20 Protests"
2517,US imposes sanctions against Russian oligarchs and government officials
2410,Gunman was 'continually shooting people' as he walked inside Capital Gazette newsroom
1326,Stalled stimulus talks could mean thousands of furloughs and halt US immigration system
2633,Terror suspect sets off pipe bomb in underground subway passage near Port Authority Bus Terminal
2614,Come out of the political closet in 2018 and help heal our divide
2636,"Al Franken's selfish, damaging resignation speech"
825,Tucker Carlson and White Replacement
1287,Two People Were Fatally Shot And One Person Was Injured In Kenosha During Protests For Jacob Blake
1537,Trump commits to helping blue states fight the coronavirus — if their governors are nice to him
2180,Trump administration ends sanctions on companies tied to Putin ally — but issues new ones against other Russians
2492,Ben Carson Thinks Poor People Should Pay Higher Rent If They Want Government Help
2446,Trump’s Lawyers Argue It’s Not Possible For The President To Obstruct Justice
1625,"3 Rockets Hit U.S. Embassy Compound in Baghdad, One Person Injured"
1109,The Million MAGA March in DC Got Ugly
1252,Kansas City Chiefs fans booed players during a moment of unity against racism
2450,Conservative Crank Dinesh D’Souza To Be Pardoned By Donald Trump
2332,"Trump Is Using Mollie Tibbetts For His Anti-Immigrant Agenda, And It’s Reprehensible"
2261,"Democrats poised to take the House, GOP likely retains control in Senate"
1638,The New York Times’s Endorsement Charade
1489,FBI finds al Qaeda link after breaking encryption on Pensacola attacker's iPhone
140,Who is on Biden’s shortlist to replace retiring Justice Breyer?
2295,What The Wall Street Journal gets dead wrong about Christine Blasey Ford and Brett Kavanaugh
1095,"Oxford's Coronavirus Vaccine Is 70% Effective, Early Data Shows. It's The Third Vaccine To Clear A Crucial Hurdle."
1773,"Atatiana Jefferson’s 8-Year-Old Nephew Witnessed Her Killing, Lawyer Says"
2092,The Trump administration is finalizing plans to strip funding from Planned Parenthood
190,Supreme Court To Decide Fate Of Biden’s Vaccine Rules
1875,"Gilroy, California, garlic festival shooting: what we know"
108,How to punish Russia for Ukraine
1565,President Trump Is Unfit for This Crisis. Period.
757,Fauci Clashes With Rand Paul Again: ‘You Are Saying Things That Are Not Correct!’
1214,Coronavirus has killed 1 million people worldwide. Experts fear the toll may double before a vaccine is ready
2343,The Masterpiece Baker Is Back. Now He Won’t Make a Trans-Themed Cake.
2055,Mueller was allowed to review years of Cohen emails from time he worked under Trump
2271,The Political Aftermath of the Senate’s Final Kavanaugh Vote
1578,"Super Tuesday, explained"
2093,North Carolina elections board orders new House election after ballot tampering scandal
2561,2nd Steele Memo: Russia ‘Blocked’ Mitt Romney as Secretary of State
1980,Donald Trump Threatens To Blow Up Infrastructure Talks
1470,"Jobs Are Starting to Come Back, But Bankruptcies Are Soaring"
1439,West Virginia Elects Its First Out Transgender Official
538,"US encounters 'unprecedented' number of migrants at southern border, Homeland Security chief says"
1551,The Pentagon just offered ventilators for the coronavirus response. It could do much more.
54,Hits and misses from Joe Biden's State of the Union speech
1870,Trump’s Top Intel Pick John Ratcliffe Didn’t Even Last a Week
1365,Oxford Coronavirus Vaccine ‘Safe’ And Showing ‘Promising Results’
2118,Pompeo announces suspension of nuclear arms treaty with Russia
2427,"Trump really, really wants troops in space"
1819,Trump Administration Considering Ban on Flavored E-Cigarettes
942,Trump loses his impeachment team amid unfaltering loyalty from the GOP
1608,MAGA War on Architectural Diversity Weaponizes Greek Columns
936,The world isn't moving fast enough on clean energy
428,"'Nobody wants to blink:' A canceled trip, deal-less meetings and 24 hours to thread the needle"
1452,What public health experts want critics to know about why they support the protests
1238,Trump administration announces $13 billion in additional aid to Puerto Rico
717,"With Memorial Day right around the corner, gas prices reach 7-year high"
1883,Read Robert Mueller’s opening statement
260,House passes new debt ceiling plan after McConnell cuts deal with Democrats
231,"EPA will tighten fuel mileage standards for cars and light trucks, replacing looser Trump-era standards"
477,How Is the Media Still Screwing Up Covid Stories?
2642,The Republican tax bill will exacerbate income inequality in America
1483,Supreme Court blocks release of Mueller grand jury documents to House
2396,"Trump opens NATO summit with blistering criticism of Germany, labels allies 'delinquent'"
2413,Chris Matthews: ‘Hell to Pay’ If Democrats Don't Block Anthony Kennedy Replacement
1706,Budget official testimony undermines impeachment defense on freezing Ukraine aid
437,Draft Report Of Arizona Sham Audit Confirms Biden’s Win Over Trump
705,Anthony Fauci’s Emails Reveal The Pressure That Fell On One Man
845,"Capitol Police officer killed, another injured after suspect rams car into police barrier outside building"
2124,Acting AG Whitaker: Mueller investigation 'close to being completed'
2523,"Rosenstein specifically told Mueller to look into Manafort, gave investigation additional authority"
203,Every Day Is Jan. 6 Now
2524,Sinclair Broadcasting Orders Local Anchors To Record Bizarre ‘Hostage’ Video
421,Manchin says $1.5 trillion is his limit on Biden economic agenda amid battle with progressives
2824,Trump gets another travel ban defeat — and the clock is ticking
344,5 reasons why Democrats should start panicking about 2022
796,CDC advisers recommend resuming use of J&J's coronavirus vaccine; FDA to add blood clot warning
1358,Portland mayor tear gassed after speaking with protesters on presence of federal agents
70,The US Version of the Canadian Trucker Convoy Had a Tough First Day
1120,"Celebrations for Biden, Harris probably spread coronavirus, Bay Area health experts warn"
2485,Trump changes his story about Stormy Daniels
2265,Trump files op-ed bashing Democrats on Medicare for all
2626,"Mueller Team Pushes Back, Denies Accusation it Unlawfully Got Trump Transition Emails"
1035,New York Times Admits Its Caliphate Podcast Fell for ISIS Hoaxer’s Bullshit
1849,Bureau of Prisons chief removed in wake of Jeffrey Epstein suicide
768,Florida Gov. Ron DeSantis signs restrictive voting bill
2005,The new Washington brawl: Barr versus Mueller
568,"Biden announces measures to incentivize Covid-19 vaccinations, including a requirement for federal employees"
1157,The U.S. Is Having One of Its Worst Coronavirus Weeks Since the Pandemic Began
1350,Late-stage clinical trial for Moderna’s COVID-19 vaccine is launched at Brigham and Women’s
828,Matt Gaetz shows Donald Trump's defiant style is here to stay
2057,"Top US general refutes report that military could keep nearly 1,000 US troops in Syria"
781,The global chip shortage is going from bad to worse. Here's why you should care
2441,Senator Warren pushes for federal clarity on marijuana
2835,How Trump’s budget would gut the economy: Massive cuts to Medicaid and food stamps will have devastating ripple effects
2708,Employment Falls In September After Hurricanes Harvey And Irma Undercut Economic Activity
574,"CDC updates guidance, recommends vaccinated people wear masks indoors in certain areas"
2652,Top General Says He Would Reject An ‘Illegal’ Nuclear Strike Order From Trump
401,"Taiwan won't be forced to bow to China, President Tsai says during National Day celebrations"
1150,"The 10 Senate seats most likely to flip, one week from Election Day"
1286,"""Unprecedented and wrong"": Mike Pompeo slammed for address to GOP convention from Jerusalem"
235,Appeals Court Reinstates Biden’s COVID Vaccine Mandate for Large Businesses
1960,Republicans Are Angry About Trump’s Tariffs. Will They Do Anything About It?
2142,Birth Control Coverage Is No Longer Guaranteed in 37 States
2324,Republican Ron DeSantis says electing black opponent Andrew Gillum would “monkey this up”
504,US intelligence community review does not determine origin of Covid-19
636,Why the Law Is Strong Enough to Take On Donald Trump
2683,Sen. Jeff Flake shouldn’t retire. He should run for reelection.
2722,Trump Called White Supremacists ‘Very Fine People’ But An Athlete Who Protests Is A ‘Son Of A Bitch’
107,These Olympics Are Not a Shelter
159,Supreme Court clears the way for House to get Trump White House documents
2586,"Trump Accuses His Justice Department, FBI Of Favoring Democrats"
2389,Famously Litigious Trump Advised Theresa May to Sue EU Over Brexit
1609,Democratic candidates sharpen attacks in closing days of New Hampshire primary
1501,"MLB owners approve plan to start season in July, reports say"
963,Senate Democrats Announce First Order Of Business For New Majority: Fixing Democracy
2144,Record shutdown is a massive Washington failure
2880,"Bill O’Reilly Calls Vladimir Putin A ‘Killer’, Donald Trump Says Americans Are Just As Bad"
898,Here's what's in the House Democrats' stimulus relief plan
66,Russian Assault on the Ukrainian Capital Is Underway
2748,The case against antifa
2140,"William Barr, Trump’s nominee to serve as attorney general, explained"
2056,California Congressman Says He's Suing Twitter For Allowing Parody Accounts Alleging To Be His Mom
2931,The swing state math still looks terrible for Donald Trump
1161,Inside the Right-Wing Media Echo Chamber’s Smear of NBC’s Kristen Welker
2169,"MAGA hat, campaign rhetoric cast cloud over Trump Iraq visit"
2388,Trump Says European Union Is America’s Biggest ‘Foe’
2658,"In its sickest Trump burn yet, Cards Against Humanity buys land blocking his border wall"
615,FDA warns of potential rare nerve complication with Johnson & Johnson coronavirus vaccine
1290,Trump's FDA chief apologizes for hyping unproven treatment on eve of Republican National Convention
1145,"2020’s marijuana legalization ballot measures, explained"
1811,"Massive Strike Hits General Motors As 46,000 Workers Walk Off"
1740,US begins formal withdrawal from Paris climate accord
2146,"Ruth Bader Ginsburg shows 'no evidence of remaining disease,' Supreme Court says"
618,Eric Adams’s Victory and the Uncertainty of the Biden-Era Democratic Party
1921,Curiosity about Tulsi Gabbard spiked during last night’s debate. And it was already simmering leading up to it.
2713,This Is Precisely The Right Time To Talk About Guns
907,Dr. Fauci shifts the timeline on when the general public will be able to get a vaccine
1621,Rand Paul frustrated after John Roberts rejects his whistleblower question in Senate impeachment trial
2678,The shadiest details in Puerto Rico's leaked electricity contract with Whitefish Energy
1691,Democrats announce 2 articles of impeachment against President Trump
1880,16 US Marines arrested for alleged crimes including human smuggling and drug-related offenses
8,Russia has attacked Lviv. Here's why the western city is so important to Ukraine's defense
93,Special counsel Durham alleges Clinton campaign lawyer used data to raise suspicions about Trump
1727,Supreme Court allows Sandy Hook families to sue Remington
1175,Scientists Are Slamming The Great Barrington Declaration’s Call For “Herd Immunity”
1071,"Former Presidents Obama, Bush and Clinton volunteer to get coronavirus vaccine publicly to prove it's safe"
1728,Tulsi Gabbard’s Lawyers Accuse Hillary Clinton Of Defamation For Russia Remarks
1834,AFL-CIO Chief Lashes Trump Administration For Hurting American Workers
2024,Trump Gets His First Official GOP Challenger With Bill Weld Announcement
1034,Congress votes to avert government shutdown for now as Covid relief talks drag on
2580,"Russia Infiltrated Some U.S. Voter Registration Rolls Before 2016 Election, DHS Says"
1737,ABC News Anchor Caught on Mic Saying Network Quashed Jeffrey Epstein Story
2310,Cory Booker threatened to break the rules to show he can play Donald Trump's game
2635,"South Carolina Cop Who Gunned Down a Fleeing, Unarmed Man Is Sentenced to 20 Years in Prison"
1421,"Fauci on Trump's testing claim: 'We're going to be doing more testing, not less'"
1670,Navy SEALs on Tape: Edward Gallagher Is ‘Freaking Evil’
1836,Trump's personal assistant abruptly exits White House after sharing details about President's family
2584,Here are reasons why the stock market should bounce back after historic plunge
2164,House Democrats are making changes to decentralize power
997,"Trump Returns To Twitter, Finally Condemns Violent Riot"
2785,Scaramucci got fired after 10 days. Before his formal start date.
218,A Dangerous Court Order Against The New York Times
2367,Trump Calls On Jeff Sessions To Stop Mueller Investigation
701,Wray sees 'parallels' between challenge posed by ransomware attacks and 9/11
2757,Nation discovers evangelicals have no moral compass as business leaders pick up the slack
2792,"John McCain, diagnosed with brain cancer, returns to DC to save the GOP health bill"
2283,Brett Kavanaugh Plays The Victim
1571,Why women are feeling so defeated after Elizabeth Warren’s loss
365,Jan. 6 Protest Organizers Say They Participated in ‘Dozens’ of Planning Meetings With Members of Congress and White House Staff
2811,North Korea’s successful test of an intercontinental missile is a test for Trump
1695,"Democratic lawyer: Trump's efforts are a ""clear and present danger to our free and fair elections"""
2335,Michael Cohen’s guilty plea implicates Trump in federal crime. Republicans don’t care.
2095,"The Supreme Court Just Struck a Huge, Unanimous Blow Against Policing for Profit"
2323,Trump’s continued indolent response to Hurricane Maria is our worst fears about him come true
2286,Republicans flex muscle ahead of Kavanaugh hearing
1031,Barr says no need for special counsels to investigate election or Hunter Biden
2428,OPINION: Outrage grows as families are separated. Will Trump change his policy?
265,Why some US cities are facing a spree of 'smash-and-grab' crimes
2640,"US quits UN global compact on migration, says it'll set its own policy"
1462,Officers fire tear gas on peaceful protesters to clear the way for Trump’s photo op
1991,Barr Appoints Prosecutor To Investigate Start Of Russia Probe: Reports
1757,Trump says US is building a wall in Colorado -- a state that doesn't border Mexico
546,‘What He Did to Me Was a Crime’: Cuomo Accuser Brittany Commisso Speaks Up
2599,Trump’s new HHS office will protect health care workers who object to abortion
88,Here's why Democrats' chances of winning in November are slipping
1649,Donald Trump Murdered Qassim Suleimani
1304,Trump 'cancels' Goodyear tires as he campaigns against 'cancel culture'
604,Surgeon general issues warning over vaccine misinformation as White House turns up the heat on Facebook
257,Senate votes to overturn Biden vaccine mandate for businesses
1430,Supreme Court blocks Trump from ending DACA
2347,Ben Carson Ends Obama-Era Efforts to Reduce Housing Segregation
315,"'Healthy debate,' but no breakthroughs in Biden's critical talks with China's Xi Jinping"
1770,Deal reached to end GM strike
1183,Was Columbus’ Voyage to the “New World” Driven by Islamophobia?
128,"The West 'has ignored' Russia's key security concerns, says Vladimir Putin"
1428,Why Juneteenth Matters
1611,Acquittal is not exoneration
752,What Your Taxes Are Paying For in Israel
2272,Susan Collins was supposed to be different
375,Democrats Come To Grips With Building Back Smaller
600,A federal judge just declared DACA unlawful. Here’s what that means.
2690,A Predominately Black School Named After A Confederate Leader Will Now Be Named After Obama
1556,Louisiana and Georgia Have Cancelled Elections. I Don't Like Where This Is Heading.
2246,An exclusive look at Cory Booker’s plan to fight wealth inequality: give poor kids money
2325,"Primary takeaways: A history-making upset in Florida, the establishment wins in Arizona"
2489,Migrants who traveled with caravan vow to wait at border until they are granted asylum
723,"John Warner, longtime US senator from Virginia, dies at 94"
508,Let’s Not Pretend That the Way We Withdrew From Afghanistan Was the Problem
953,Why Mitch McConnell relented on his demands about preserving the filibuster
2572,What Mueller’s new Russia indictments mean — and don’t mean
1143,US economy grew a record 33.1% annual rate last quarter but the pandemic remains an enormous threat
1122,DOJ's top election crimes prosecutor quits in protest after Barr tells federal attorneys to probe unsupported allegations of voting irregularities
