id,content
1,"""don't blame fate for beirut's tragedy"""
2,house republicans move to impeach deputy attorney general rod rosenstein
3,"""mcconnell will move to acquit trump if he's impeached, not dismiss charges, 2 republican senators say, 2 republican senators say"""
4,"""voting technology company smartmatic files $ 2. 7 billion lawsuit against fox news, rudy giuliani and sidney powell over'disinformation campaign '"""
5,reports suggest michael cohen is thinking of thinking
6,"""house democrats would impeach trump for'incitement of insurrection '"""
7,"as an indigenous woman, i always hate thanksgiving. "
8,"""whoopi goldberg suspended from'the view'over holocaust comments"""
9,"""cdc vaccine advisers vote to recommend pfizer, vaccines over j&j's"""
10,levi strauss ceo sets up fund to help groups working to lessen u. s. gun violence
11,trump has been tested for coronavirus. 
12,now people await the result. 
13,progressive frontrunners face off at cnn debate which may also offer opening for centrists
14,convention a crucial moment for biden
15,a federal appeals court just reached a decision for transgender rights. 
16,", its big. "
17,the damage of dropping the michael flynn case
18,"""minneapolis police station catches fire amid protest of george floyd's killing"""
19,2021 was a year in us politics. 
20,here is the biggest stories. 
21,iden to host bipartisan group of lawmakers for infrastructure meeting as he faces on both sides of the aisle
22,"senate protects mueller, blocks trump from making recess appointment"
23,what the over the hysteria over critical race theory is really all about
24,trump to make memorial day to arlington national cemetery
25,"iden brings compassion, centrism and a big - time vaccine promise at cnn town hall"
26,"""trump's 2nd impeachment trial hangs over biden and republicans"""
27,democrats and trump lawyers made their final arguments in the impeachment trial
28,rick perry tried to argue that fossil fuels can help fight sexual assault
29,"""trump's anti - china theory theory"""
30,lets revisit coronavirus c mike pences history on public health initiatives
31,iran says it will break the uranium stockpile limit agreed under nuclear deal in 10 days
32,republicans hold on to a north carolina congressional seat plagued by election fraud
33,"a new covid - 19 variant could show immune evasion and enhanced transmissibility, south african scientists"
34,"twitter permanently bans trump after years of aggressive, violent rhetoric on platform"
35,monica lewinsky floor after ken starr joins trumps impeachment legal team
36,"ernie sanderss new medicare - for - all study, explained"
37,"susan collins says no to obama repeal bill, crippling its chances, crippling its chances"
38,flight takes off from kabul airport after taliban americans and others to leave
39,trump says he canceled secret camp david meeting with taliban leaders
40,"""oath keepers leader and 10 others charged with'seditious conspiracy'related to us capitol attack"""
41,"suspected chinese spy targeted bay area politicians, then disappeared"
42,"""here's what we know about how russia's invasion of ukraine unfolded"""
43,"""ukrainian nuclear power plant fire extinguished as russian troops'occupy'facility"""
44,senate passes criminal justice bill
45,"u. s. needs new faa head, trump offers his personal pilot"
46,jeff merkley holds the senate floor overnight to make the case against gorsuch nomination
47,schumer and senate democrats proposal to federally decriminalize marijuana
48,americas coronavirus testing numbers are really improving numbers are improving
49,"""opinion: memos renew questions over trump's behavior"""
50,a squid game vibe: we spoke to olympians about life inside the beijing bubble
51,"""cdc recommend pfizer's covid - 19 vaccine in children 5 - 11"""
52,""" kyle rittenhouse he "" didn \' t "" didn \' t do anything wrong "" "" when he fatally shot two people """
53,"""leaked documents claim to sexual harassment by john conyers... and congress'broken system"""
54,the house is scrambling to avoid a partial shutdown after trump throws negotiations into chaos
55,"""the us military needs to do more than apologize for its'mistake'in kabul the"""
56,5 takeaways after after 5. 
57,gavin newsom in california recall
58,""" hillary clinton pushes theory that russia is "" "" grooming "" "" tulsi gabbard who hits back on twitter """
59,"mitch mcconnell decision over vote to increase stimulus payments to $ 2, 000"
60,donald trump escala john mccain feud: the loser. 
61,haiti death toll rises as tropical storm hits earthquake zone
62,how senators voted: these residents crossed the aisle to vote for plans to reopen government
63,: tillerson found out he was fired from trumps tweet
64,lets the presidential debates
65,gop candidates attack on reporter shows peril of asking questions in trumps america
66,supreme court sides with native american hunter as neil gorsuch joins justices
67,john roberts will not be silent wednesday. 
68,the questions he asks will not be his. 
69,amy coney barrett has been confirmed as a supreme court justice
70,trump - - defiant and dark as ever - - the biden would destroy america
71,g7 calls for new study into origins of covid and voices concern on china
72,rett kavanaugh will fit right in at the roberts court
73,its family claims to have been accused of independence. 
74,"""judge blocks trumpmin's admin's health rule just hours before it was to go into effect"""
75,"moderna ceo sees potential end of coronavirus pandemic on horizon, though it will never be eradicated"
76,"""trump is the lgbtq community while we're down"""
77,trump wants to order end to birth citizenship
78,is it difficult to send your kids to school? 
79,"""biden says he's'not a fan'of court - packing and that he doesn't want to make the election about the issue"""
80,senate passes budget deal that lifts the debt ceiling
81,first us capitol rioter convicted of a felony gets 8 months in prison after doj says stiffer sentence could stop future attacks
82,"""pelosi says house will introduce'war power resolution'aimed to limit trump's iran military action"""
83,saudi arabia is a human - rights violator and trump appreciates
84,white house has told governors how many afghan refugees they can expect to be resettled
85,judge in kyle rittenhouse trial bans msnbc from courthouse
86,ron desantis leans into mask - mandate fights as covid cases soar in florida
87,"""what virginia's election says about the nation"""
88,"tom price, trumpss hhs secretary, is stepping down"
89,""" "" they saw a cop shoot their father "" "": video shows wis. police shoot black dad in back multiple times """
90,republicans barging into secure room to stall impeachment inquiry highlights another day
91,university of alabama trustees vote to refund $ 26 million after donors remarks
92,house of representatives president donald trump trump
93,how brett kavanaugh tried to sides and trump financial docs cases how
94,dave chappelle vs. trans people. 
95,federal officers are prowling portland in unmarked vans and snatching people off the streets
96,"""3 winners and 3 people from james comey's testimony to the senate intelligence committee"""
97,white house changes on labor day amid multiple crises
98,teachers unions are making pandemic health and safety demands
99,lindsey graham: firing mueller could be beginning of the end of the trump presidency
100,andrew mccabe shops a book as doj refers him for criminal charges
101,michael cohen: i rigged online polls for trump
102,some politicians are. 
103,trump responds after his administration drops bid for citizenship question on 2020 census
104,a senate report shows trump and his backers are russian du russian
105,trump intends to sign border deal to avoid another shutdown
106,its about power. 
107,second judge blocks trump decision to end deportation relief for liancourt rocks decision to end deportation
108,"""america's russia is back"""
109,migrants on the front lines of global war
110,"""covid - 19 vaccine for 5 - to 11 - year - olds is safe and shows'robust'antibody response, pfizer says"""
111,"""pfizer says it's time for a covid booster ; fda and cdc say not so fast and cdc"""
112,"""biden touts progress on supply chain problems:'shelves are not empty '"""
113,"mueller obtains access to phone, computer of trump associate who met with russian in seychelles"
114,"""trump's roger stone power play unleashed a presidency"""
115,read jared kushners statement on his meetings with russians
116,why noncitizens should be allowed to vote
117,"when it comes to facebook, the need for action has been used for a long time"
118,the sanctification and sanitit of martin luther king jr. 
119,nikki haley gets widely mocked for defense of the confederate flag
120,"""joe biden's approval ratings are more than every recent president - - except 1 - - at this stage"""
121,the pentagon is giving trump his space force. 
122,congress may take it away. 
123,ernie sanders can still set himself apart on medicare for all
124,30 million americans have lost their jobs in 6 weeks
125,security concern drives new jersey town to cancel labor day festivities
126,here are the 81 people and entities close to trump democrats are investigating
127,a playboy reporter defended cnns honor at the white house press briefing
128,"""federal appeals court rules trump can't block new york subpoena for his tax returns"""
129,why progress on the electoral count act might be possible
130,"""trump says gun policy with 82 percent support has'not much political support ( to put it mildly ). '"""
131,trump and putin to hold summit in helsinki
132,gasoline demand spikes in several states after pipeline pipeline
133,"""biden says he will ask americans to wear masks for the first 100 days he's in office"""
134,fda expands booster eligibility to adolescents and shortens time needed after primary series
135,"""covid - 19 vaccine boosters can begin for some us adults as cdc diverges from its advisers'recommendations"""
136,why a conservative health care thinks the ahca is indefensibleible
137,gofundme is going to refund millions of dollars in donations made to the canadian trucker protest
138,"""in trump's white house, charlottesville was a moment that wasn't"""
139,white house says trump is interested in fixing background checks for gun sales
140,nancy pelosi sets record for longest speech in house history
141,"after the hugs and kisses, macron trumpn claims to be "" liberal """
142,"""fda vaccine advisers recommend emergency use authorization for booster dose of moderna's covid - 19 vaccine"""
143,"attorney general nominee william barrs tough on crime record, explained"
144,donald trumps communications director
145,"""it's not enough to delete trump's'white power'video tweet"""
146,"""house passes biden's spending bill"""
147,the us hit a record average of daily new covid - 19 cases
148,"six injured, including three police officers, during clashes in s. f. "
149,etween pro - and anti - trump groups
150,how the current worker shortage is a wage shortage
151,amazon is booting off of its web hosting service
152,another federal judge rules against trumps order to cancel daca
153,tesla hikes prices in china as trade war hits us cars
154,live updates: russia died in russia
155,the inflation suspense goes on
156,the fcc just voted to allow the internet company to charge you more for netflix and facebook
157,a us - peace deal may be on the way. 
158,it could easily fall apart. 
159,"""yes, there will be tanks at trump's fourth of july event but there's a a"""
160,iden slams trump for slow covid - 19 vaccine rollout
161,"""manchin says he'll vote against the people act and in against eliminating filibuster"""
162,trump signing executive order through keystone xl and dapl pipelines
163,kamala harris declined to withdraw from 2020 presidential race
164,"""' s, there's a gun... shot at my school. '"""
165,shooting near columbine leaves 1 dead and 8 wounded
166,trump delivers on russian sanctionsa month and a half after saying no sanctions were needed
167,its officially barack obama day in illinois
168,clinton cancels campaign trip to california after pneumonia
169,twitter must cleanse the trump
170,trumps support for confederate base names has nothing to do with respecting the military
171,trump trashes fauci and makes coronavirus claims in campaign call
172,"""white house, navy exchanged emails about keeping uss mccain out of trump's sight"""
173,"""fauci:'we're going in the wrong direction'on covid - 19 cases"""
174,"iden keeps up pressure on putin to pull back russian troops, end ukraine"
175,the senate gop health care bill has a flaw
176,"""trump and lawyer were part of'criminal conspiracy'to overturn 2020 election, january 6 committee alleges"""
177,"on the anniversary of trumps inauguration, the government is shut down"
178,"""seattle mayor tells trump to'go back to your bunker'after he criticizes her handling of protests"""
179,national guard allowed back into capitol complex after lawmakers at banishment to parking garage
180,"this weeks wild trump white house chaos, explained"
181,"""biden slams'putin's price hike'as high gas prices add to democrats'woes"""
182,secret service director is the latest casualty in dhs shake - up
183,"supreme court leaves block on indiana abortion restriction, but allows fetal burial to go into effect"
184,exclusive: us extracted top spy from inside russia in 2017
185,supreme court sides with oregon bakery that refused to make cake for same - sex wedding
186,iran says it has captured a british oil tanker
187,"""betsy devos's commission says a way to prevent school shootings is to drop disciplinary protections for minority students"""
188,democrats plan to block green new deal in senate vote tuesday
189,"who claimed to have a bomb has surrendered to authorities, sources say"
190,""": saturday shutdown meeting'did not make much progress '"""
191,"""intel chief's reaction to putin invite ( watch )"""
192,trump absolves kim jong un of responsibility for otto warmbiers
193,lack and brown families it. 
194,"on russian sports, including the trump know and when did he know it? "
195,robert mueller flipped his third former trump aide
196,republicans push for liberation could be a death sentence
197,jon ossoffs georgia special election loss democrats could use a substantive agenda
198,trump says us may host next g7 at trump national doral golf resort resort
199,house republicans set to ( ) roll out their slapped together plan to cut taxes for the rich
200,"""the stimulus bill's child tax credit expansion is the pandemic relief parents need"""
201,joe biden picks california attorney general xavier becerra to be hhs secretary
202,no longer needed: trump boots john bolton as national security adviser
203,trump says us is ending decades - old nuclear arms treaty with russia
204,joe rogan posts and deletes report about steven seagal joining russian special forces
205,students grabbed scissors for self - defense and escaped out a window during michigan high school shooting that killed 3 and injured 8
206,white house refuses to cooperate with impeachment inquiry ; constitutional crisis
207,major disappointment: america added way fewer jobs than expected in april
208,"trump tests positive for covid - 19, 48 hours after biden for wearing a mask"
209,justice department inspector general finds performance failures in fbis carter page probe
210,judge rules trump can be sued for profits at trump international hotel in d. c. 
211,russia is trying to claim covid - 19 vaccine development
212,"""germany's scholz meets biden as the new chancellor's resolve on ukraine"""
213,trump just decided not to sanction russia for its election election
214,at least 5 killed after suv plows into wisconsin holiday parade
215,us defense chief pushes allied effort to challenge china
216,"""pompeo meets saudi king as khashoggi family calls for inquiry into'death '"""
217,"""what today's guilty plea in the russia probe shows ( and what it doesn't )"""
218,fox news has decided bill oreilly has to go
219,"if the media speaks with one voice, trump will have to listen"
220,"after months of protests, hong kong leader carrie lam withdraws bill extradition bill"
221,"washington post, new york times, and nbc news retract reports on giuliani"
222,"""president trump renews attacks on press as'true enemy of the people'as cnn receives another suspected bomb"""
223,"to reopen the economy, close"
224,kayleigh mcenany: science should not stand in the way of reopening schools
225,cyntoia brown is granted clemency after serving 15 years in prison for killing man who bought her for sex
226,it begins: republican members introduce resolution calling for mueller to resign
227,youtube bans alex jones for spewing hate speech
228,pennsylvania candidates cancel campaign events after pittsburgh synagogue
229,angela merkel announced she will not seek re - election as german chancellor
230,ernie sanders vows to fight all forms of racism in first televised town hall
231,"""jury finds ahmaud arbery's killers were racially motivated in chasing him"""
232,"a conspiracy theory about black lives matter, actblue, and democrats can be traced to far - right message boards"
233,democrats poised to ditch republicans to pass big covid - 19 relief
234,the supreme court is now republicans only hope of restoring pennsylvanias gerry
235,wonking out: biden should ignore the debt limit and mint a $ 1 trillion coin
236,omarosa releases new tape of trump appearing she was fired
237,iden to sign executive orders establishing gender policy council and addressing sexual violence in education
238,the trump administration made it harder to apply for green cards and visas
239,president trump: isis leader abu bakr al - baghdadi is dead
240,"""fate of biden administration's vaccine mandate for employers now at appeals court"""
241,"""trump won't let mccain feud rest in peace"""
242,etsy devos unveils rules bolstering rights of accused college rapists
243,trump pushes back against mitch mcconnells criticism of excessive expectations
244,judge refuses to drop civil case against prince andrew
245,a gun - to man in body armor who sparked panic at a missouri walmart was arrested for making a terrorist threat
246,the supreme courts term
247,trump was briefed that china sought to pay non - state actors to attack us forces in afghanistan
248,"""symone sanders, harris'chief spokesperson, to leave white house"""
249,what parents claim about sending kids back to school during omicron
250,"rick gates states that he and paul manafort are tax - evading, money - laundering criminals"
