2269	Colin Powell warns Donald Trump is trying to destroy “what’s kept us alive”	Colin Powell warns Donald Trump is trying to destroy “what’s kept us alive”	no_deleted_chunks	no_added_chunks
1329	Don't blame fate for Beirut's cruel tragedy	Don't blame fate for Beirut's cruel tragedy	no_deleted_chunks	no_added_chunks
2374	House Republicans Move To Impeach Deputy Attorney General Rod Rosenstein	House Republicans Move To Impeach Deputy Attorney General Rod Rosenstein	no_deleted_chunks	no_added_chunks
1688	McConnell will move to acquit Trump if he's impeached, not merely dismiss charges, 2 Republican senators say	McConnell will move to acquit Trump if he's impeached, not merely dismiss charges, 2 Republican senators say	no_deleted_chunks	no_added_chunks
931	Voting technology company Smartmatic files $2.7 billion lawsuit against Fox News, Rudy Giuliani and Sidney Powell over 'disinformation campaign'	Voting technology company Smartmatic files $2.7 billion lawsuit against Fox News, Rudy Giuliani and Sidney Powell over 'disinformation campaign'	no_deleted_chunks	no_added_chunks
2433	Reports suggest Michael Cohen is thinking of flipping	Reports suggest Michael Cohen is thinking of flipping	no_deleted_chunks	no_added_chunks
991	House Democrats would impeach Trump for 'incitement of insurrection'	House Democrats would impeach Trump for 'incitement of insurrection'	no_deleted_chunks	no_added_chunks
1127	Mitch McConnell says he’s open to stimulus during lame duck — but there are a lot of wild cards	Mitch McConnell says he’s open to stimulus during lame duck — but there are a lot of wild cards	no_deleted_chunks	no_added_chunks
1086	As An Indigenous Woman, I Always Hate Thanksgiving. This Year I’m Terrified Of It.	As An Indigenous Woman, I Always Hate Thanksgiving. This Year I’m Terrified Of It.	no_deleted_chunks	no_added_chunks
125	Whoopi Goldberg Suspended From 'The View' Over Holocaust Comments	Whoopi Goldberg Suspended From 'The View' Over Holocaust Comments	no_deleted_chunks	no_added_chunks
238	CDC vaccine advisers vote to recommend Pfizer, Moderna vaccines over J&J's	CDC vaccine advisers vote to recommend Pfizer, Moderna vaccines over J&J's	no_deleted_chunks	no_added_chunks
2318	Levi Strauss CEO Sets Up Fund To Help Groups Working to Lessen U.S. Gun Violence	Levi Strauss CEO Sets Up Fund To Help Groups Working to Lessen U.S. Gun Violence	no_deleted_chunks	no_added_chunks
1557	Trump has finally been tested for coronavirus. Now we await the result.	Trump has finally been tested for coronavirus. Now we await the result.	no_deleted_chunks	no_added_chunks
1874	Progressive frontrunners face off at CNN debate which may also offer opening for centrists	Progressive frontrunners face off at CNN debate which may also offer opening for centrists	no_deleted_chunks	no_added_chunks
1310	Unconventional convention a crucial moment for Biden	Unconventional convention a crucial moment for Biden	no_deleted_chunks	no_added_chunks
2833	A federal appeals court just reached a huge decision for transgender rights. Seriously, it’s big.	A federal appeals court just reached a huge decision for transgender rights. Seriously, it’s big.	no_deleted_chunks	no_added_chunks
1505	The Appalling Damage of Dropping the Michael Flynn Case	The Appalling Damage of Dropping the Michael Flynn Case	no_deleted_chunks	no_added_chunks
1468	Minneapolis police station catches fire amid protest of George Floyd's killing	Minneapolis police station catches fire amid protest of George Floyd's killing	no_deleted_chunks	no_added_chunks
207	2021 was a transformative year in US politics. Here are the biggest stories.	2021 was a transformative year in US politics. Here are the biggest stories.	no_deleted_chunks	no_added_chunks
827	Biden to host bipartisan group of lawmakers for infrastructure meeting as he faces pressure on both sides of the aisle	Biden to host bipartisan group of lawmakers for infrastructure meeting as he faces pressure on both sides of the aisle	no_deleted_chunks	no_added_chunks
2778	Senate protects Mueller, blocks Trump from making recess appointment	Senate protects Mueller, blocks Trump from making recess appointment	no_deleted_chunks	no_added_chunks
650	What the hysteria over critical race theory is really all about	What the hysteria over critical race theory is really all about	no_deleted_chunks	no_added_chunks
2454	Trump to make Memorial Day visit to Arlington National Cemetery	Trump to make Memorial Day visit to Arlington National Cemetery	no_deleted_chunks	no_added_chunks
905	Biden brings compassion, centrism and a big-time vaccine promise at CNN town hall	Biden brings compassion, centrism and a big-time vaccine promise at CNN town hall	no_deleted_chunks	no_added_chunks
981	Trump's historic 2nd impeachment trial hangs over Biden and Republicans	Trump's historic 2nd impeachment trial hangs over Biden and Republicans	no_deleted_chunks	no_added_chunks
1615	Democrats And Trump’s Lawyers Made Their Final Arguments In The Impeachment Trial	Democrats And Trump’s Lawyers Made Their Final Arguments In The Impeachment Trial	no_deleted_chunks	no_added_chunks
2671	Rick Perry actually tried to argue that fossil fuels can help fight sexual assault	Rick Perry actually tried to argue that fossil fuels can help fight sexual assault	no_deleted_chunks	no_added_chunks
1508	Trump's anti-China theory implodes	Trump's anti-China theory implodes	no_deleted_chunks	no_added_chunks
1586	Let’s Revisit Coronavirus Czar Mike Pence’s History on Public Health Initiatives	Let’s Revisit Coronavirus Czar Mike Pence’s History on Public Health Initiatives	no_deleted_chunks	no_added_chunks
1941	Iran says it will break the uranium stockpile limit agreed under nuclear deal in 10 days	Iran says it will break the uranium stockpile limit agreed under nuclear deal in 10 days	no_deleted_chunks	no_added_chunks
1820	Republicans hold on to a North Carolina congressional seat plagued by election fraud	Republicans hold on to a North Carolina congressional seat plagued by election fraud	no_deleted_chunks	no_added_chunks
288	A new Covid-19 variant could show immune evasion and enhanced transmissibility, South African scientists warn	A new Covid-19 variant could show immune evasion and enhanced transmissibility, South African scientists warn	no_deleted_chunks	no_added_chunks
994	Twitter *Permanently* Bans Trump After Years Of Aggressive, Violent Rhetoric On Platform	Twitter *Permanently* Bans Trump After Years Of Aggressive, Violent Rhetoric On Platform	no_deleted_chunks	no_added_chunks
1639	Monica Lewinsky floored after Ken Starr joins Trump’s impeachment legal team	Monica Lewinsky floored after Ken Starr joins Trump’s impeachment legal team	no_deleted_chunks	no_added_chunks
1584	Bernie Sanders’s new favorite Medicare-for-all study, explained	Bernie Sanders’s new favorite Medicare-for-all study, explained	no_deleted_chunks	no_added_chunks
2719	Susan Collins Says No To Obamacare Repeal Bill, Crippling Its Chances	Susan Collins Says No To Obamacare Repeal Bill, Crippling Its Chances	no_deleted_chunks	no_added_chunks
478	Flight takes off from Kabul airport after Taliban cleared Americans and others to leave	Flight takes off from Kabul airport after Taliban cleared Americans and others to leave	no_deleted_chunks	no_added_chunks
1826	Trump says he canceled secret Camp David meeting with Taliban leaders	Trump says he canceled secret Camp David meeting with Taliban leaders	no_deleted_chunks	no_added_chunks
176	Oath Keepers leader and 10 others charged with 'seditious conspiracy' related to US Capitol attack	Oath Keepers leader and 10 others charged with 'seditious conspiracy' related to US Capitol attack	no_deleted_chunks	no_added_chunks
2727	Republicans aren’t voting for Graham-Cassidy. They’re just voting for Obamacare repeal.	Republicans aren’t voting for Graham-Cassidy. They’re just voting for Obamacare repeal.	no_deleted_chunks	no_added_chunks
1057	Suspected Chinese spy targeted Bay Area politicians, then disappeared	Suspected Chinese spy targeted Bay Area politicians, then disappeared	no_deleted_chunks	no_added_chunks
69	Here's what we know about how Russia's invasion of Ukraine unfolded	Here's what we know about how Russia's invasion of Ukraine unfolded	no_deleted_chunks	no_added_chunks
46	Ukrainian nuclear power plant fire extinguished as Russian troops 'occupy' facility	Ukrainian nuclear power plant fire extinguished as Russian troops 'occupy' facility	no_deleted_chunks	no_added_chunks
2183	Senate Passes Criminal Justice Reform Bill	Senate Passes Criminal Justice Reform Bill	no_deleted_chunks	no_added_chunks
2565	U.S. Needs New FAA Head, Trump Generously Offers His Personal Pilot	U.S. Needs New FAA Head, Trump Generously Offers His Personal Pilot	no_deleted_chunks	no_added_chunks
2857	Jeff Merkley holds the Senate floor overnight to make the case against Gorsuch nomination	Jeff Merkley holds the Senate floor overnight to make the case against Gorsuch nomination	no_deleted_chunks	no_added_chunks
608	Schumer and Senate Democrats unveil proposal to federally decriminalize marijuana	Schumer and Senate Democrats unveil proposal to federally decriminalize marijuana	no_deleted_chunks	no_added_chunks
1492	America’s coronavirus testing numbers are really improving — finally	America’s coronavirus testing numbers are really improving — finally	no_deleted_chunks	no_added_chunks
2502	OPINION: Comey memos renew questions over Trump's behavior	OPINION: Comey memos renew questions over Trump's behavior	no_deleted_chunks	no_added_chunks
119	“Kind of a ‘Squid Game’ Vibe”: We Spoke to Olympians About Life Inside the Beijing Bubble	“Kind of a ‘Squid Game’ Vibe”: We Spoke to Olympians About Life Inside the Beijing Bubble	no_deleted_chunks	no_added_chunks
347	CDC advisers recommend Pfizer's Covid-19 vaccine in children 5-11	CDC advisers recommend Pfizer's Covid-19 vaccine in children 5-11	no_deleted_chunks	no_added_chunks
327	"Kyle Rittenhouse Testified He ""Didn't Do Anything Wrong"" When He Fatally Shot Two People"	"Kyle Rittenhouse Testified He ""Didn't Do Anything Wrong"" When He Fatally Shot Two People"	no_deleted_chunks	no_added_chunks
2651	Leaked documents reveal sexual harassment by John Conyers ... and Congress' broken system	Leaked documents reveal sexual harassment by John Conyers ... and Congress' broken system	no_deleted_chunks	no_added_chunks
2179	The House is scrambling to avoid a partial shutdown after Trump throws negotiations into chaos	The House is scrambling to avoid a partial shutdown after Trump throws negotiations into chaos	no_deleted_chunks	no_added_chunks
441	The US military needs to do more than apologize for its deadly 'mistake' in Kabul	The US military needs to do more than apologize for its deadly 'mistake' in Kabul	no_deleted_chunks	no_added_chunks
462	5 takeaways after Gov. Gavin Newsom prevails in California recall	5 takeaways after Gov. Gavin Newsom prevails in California recall	no_deleted_chunks	no_added_chunks
1765	"Hillary Clinton pushes theory that Russia is ""grooming"" Tulsi Gabbard — who hits back on Twitter"	"Hillary Clinton pushes theory that Russia is ""grooming"" Tulsi Gabbard — who hits back on Twitter"	no_deleted_chunks	no_added_chunks
1017	Mitch McConnell faces decision over vote to increase stimulus payments to $2,000	Mitch McConnell faces decision over vote to increase stimulus payments to $2,000	no_deleted_chunks	no_added_chunks
2878	Donald Trump escalates John McCain feud: The “loser . . . doesn’t know how to win anymore”	Donald Trump escalates John McCain feud: The “loser . . . doesn’t know how to win anymore”	no_deleted_chunks	no_added_chunks
529	Haiti death toll rises as tropical storm hits earthquake zone	Haiti death toll rises as tropical storm hits earthquake zone	no_deleted_chunks	no_added_chunks
2130	How senators voted: These lawmakers crossed the aisle to vote for plans to reopen government	How senators voted: These lawmakers crossed the aisle to vote for plans to reopen government	no_deleted_chunks	no_added_chunks
2550	State Dept.: Tillerson Found Out He Was Fired From Trump’s Tweet	State Dept.: Tillerson Found Out He Was Fired From Trump’s Tweet	no_deleted_chunks	no_added_chunks
1339	Let’s Scrap the Presidential Debates	Let’s Scrap the Presidential Debates	no_deleted_chunks	no_added_chunks
2836	GOP Candidate’s Attack On Reporter Shows Peril Of Asking Questions In Trump’s America	GOP Candidate’s Attack On Reporter Shows Peril Of Asking Questions In Trump’s America	no_deleted_chunks	no_added_chunks
1983	Supreme Court Sides With Native American Hunter As Neil Gorsuch Joins Liberal Justices	Supreme Court Sides With Native American Hunter As Neil Gorsuch Joins Liberal Justices	no_deleted_chunks	no_added_chunks
1623	John Roberts will not be silent Wednesday. But the questions he asks will not be his.	John Roberts will not be silent Wednesday. But the questions he asks will not be his.	no_deleted_chunks	no_added_chunks
1151	Amy Coney Barrett has officially been confirmed as a Supreme Court justice	Amy Coney Barrett has officially been confirmed as a Supreme Court justice	no_deleted_chunks	no_added_chunks
1281	Trump -- defiant and dark as ever -- claims Biden would destroy America	Trump -- defiant and dark as ever -- claims Biden would destroy America	no_deleted_chunks	no_added_chunks
680	G7 calls for new study into origins of Covid and voices concern on China	G7 calls for new study into origins of Covid and voices concern on China	no_deleted_chunks	no_added_chunks
2366	Brett Kavanaugh Will Fit Right In at the Pro-Corporate Roberts Court	Brett Kavanaugh Will Fit Right In at the Pro-Corporate Roberts Court	no_deleted_chunks	no_added_chunks
2449	The real immigration crisis isn’t “missing” children. It’s family separations.	The real immigration crisis isn’t “missing” children. It’s family separations.	no_deleted_chunks	no_added_chunks
1305	Judge blocks Trump admin's anti-transgender health rule just hours before it was to go into effect	Judge blocks Trump admin's anti-transgender health rule just hours before it was to go into effect	no_deleted_chunks	no_added_chunks
89	Moderna CEO sees potential end of coronavirus pandemic on horizon, though says it will never be eradicated	Moderna CEO sees potential end of coronavirus pandemic on horizon, though says it will never be eradicated	no_deleted_chunks	no_added_chunks
1437	Trump is kicking the LGBTQ community while we're down	Trump is kicking the LGBTQ community while we're down	no_deleted_chunks	no_added_chunks
2233	Trump Wants To Order End To Birthright Citizenship	Trump Wants To Order End To Birthright Citizenship	no_deleted_chunks	no_added_chunks
983	Is it safe to send your kids to school?	Is it safe to send your kids to school?	no_deleted_chunks	no_added_chunks
1182	Biden says he's 'not a fan' of court-packing and that he doesn't want to make the election about the issue	Biden says he's 'not a fan' of court-packing and that he doesn't want to make the election about the issue	no_deleted_chunks	no_added_chunks
1871	Senate passes massive budget deal that lifts the debt ceiling	Senate passes massive budget deal that lifts the debt ceiling	no_deleted_chunks	no_added_chunks
596	First US Capitol rioter convicted of a felony gets 8 months in prison after DOJ says stiffer sentence could stop future attacks	First US Capitol rioter convicted of a felony gets 8 months in prison after DOJ says stiffer sentence could stop future attacks	no_deleted_chunks	no_added_chunks
1656	Pelosi says House will introduce 'War Power Resolution' aimed to limit Trump's Iran military action	Pelosi says House will introduce 'War Power Resolution' aimed to limit Trump's Iran military action	no_deleted_chunks	no_added_chunks
2354	Saudi Arabia Is a Brutal Human-Rights Violator — and Trump Appreciates That	Saudi Arabia Is a Brutal Human-Rights Violator — and Trump Appreciates That	no_deleted_chunks	no_added_chunks
2419	Sarah Sanders is upset a restaurant wouldn’t serve her. She’s OK with it happening to gays.	Sarah Sanders is upset a restaurant wouldn’t serve her. She’s OK with it happening to gays.	no_deleted_chunks	no_added_chunks
2431	Paul Ryan Doesn’t Want Kids Split From Their Parents, But He Won’t Blame Trump For It	Paul Ryan Doesn’t Want Kids Split From Their Parents, But He Won’t Blame Trump For It	no_deleted_chunks	no_added_chunks
455	White House has told governors how many Afghan refugees they can expect to be resettled	White House has told governors how many Afghan refugees they can expect to be resettled	no_deleted_chunks	no_added_chunks
306	Judge In Kyle Rittenhouse Murder Trial Bans MSNBC From Courthouse	Judge In Kyle Rittenhouse Murder Trial Bans MSNBC From Courthouse	no_deleted_chunks	no_added_chunks
521	Ron DeSantis leans into mask-mandate fights as Covid cases soar in Florida	Ron DeSantis leans into mask-mandate fights as Covid cases soar in Florida	no_deleted_chunks	no_added_chunks
349	What Virginia's election says about the nation	What Virginia's election says about the nation	no_deleted_chunks	no_added_chunks
52	Why the US won’t send troops to Ukraine	Why the US won’t send troops to Ukraine	no_deleted_chunks	no_added_chunks
2716	Tom Price, Trump’s scandal-plagued HHS secretary, is stepping down	Tom Price, Trump’s scandal-plagued HHS secretary, is stepping down	no_deleted_chunks	no_added_chunks
1293	"""They saw a cop shoot their father"": Video shows Wis. police shoot Black dad in back multiple times"	"""They saw a cop shoot their father"": Video shows Wis. police shoot Black dad in back multiple times"	no_deleted_chunks	no_added_chunks
1758	Republicans barging into secure room to stall impeachment inquiry highlights another wild day	Republicans barging into secure room to stall impeachment inquiry highlights another wild day	no_deleted_chunks	no_added_chunks
1955	University Of Alabama Trustees Vote To Refund $26 Million Gift After Donor’s Abortion Remarks	University Of Alabama Trustees Vote To Refund $26 Million Gift After Donor’s Abortion Remarks	no_deleted_chunks	no_added_chunks
1678	House of Representatives impeaches President Donald Trump	House of Representatives impeaches President Donald Trump	no_deleted_chunks	no_added_chunks
1341	How Brett Kavanaugh tried to sidestep abortion and Trump financial docs cases	How Brett Kavanaugh tried to sidestep abortion and Trump financial docs cases	no_deleted_chunks	no_added_chunks
385	Dave Chappelle vs. trans people vs. Netflix	Dave Chappelle vs. trans people vs. Netflix	no_deleted_chunks	no_added_chunks
1368	Militarized Federal Officers Are Prowling Portland In Unmarked Vans And Snatching People Off The Streets	Militarized Federal Officers Are Prowling Portland In Unmarked Vans And Snatching People Off The Streets	no_deleted_chunks	no_added_chunks
2828	3 winners and 3 losers from James Comey's testimony to the Senate Intelligence Committee	3 winners and 3 losers from James Comey's testimony to the Senate Intelligence Committee	no_deleted_chunks	no_added_chunks
480	White House toils amid multiple crises on Labor Day	White House toils amid multiple crises on Labor Day	no_deleted_chunks	no_added_chunks
171	Teachers’ Unions Are Making Totally Reasonable Pandemic Health and Safety Demands	Teachers’ Unions Are Making Totally Reasonable Pandemic Health and Safety Demands	no_deleted_chunks	no_added_chunks
2788	Lindsey Graham: Firing Mueller Could Be ‘Beginning Of The End Of The Trump Presidency’	Lindsey Graham: Firing Mueller Could Be ‘Beginning Of The End Of The Trump Presidency’	no_deleted_chunks	no_added_chunks
2501	Andrew McCabe Shops a Book as DOJ Refers Him for Criminal Charges	Andrew McCabe Shops a Book as DOJ Refers Him for Criminal Charges	no_deleted_chunks	no_added_chunks
2136	Michael Cohen: I Rigged Online Polls for Trump	Michael Cohen: I Rigged Online Polls for Trump	no_deleted_chunks	no_added_chunks
2831	Londoners aren’t freaking out about the terrorist attacks. Some politicians are.	Londoners aren’t freaking out about the terrorist attacks. Some politicians are.	no_deleted_chunks	no_added_chunks
1909	Trump Responds After His Administration Drops Bid For Citizenship Question On 2020 Census	Trump Responds After His Administration Drops Bid For Citizenship Question On 2020 Census	no_deleted_chunks	no_added_chunks
1302	A Republican-Backed Senate Report Shows Trump and His Backers Are Russian Dupes	A Republican-Backed Senate Report Shows Trump and His Backers Are Russian Dupes	no_deleted_chunks	no_added_chunks
2103	Trump intends to sign border deal to avoid another shutdown	Trump intends to sign border deal to avoid another shutdown	no_deleted_chunks	no_added_chunks
2932	UChicago's anti-safe spaces letter isn’t about academic freedom. It’s about power.	UChicago's anti-safe spaces letter isn’t about academic freedom. It’s about power.	no_deleted_chunks	no_added_chunks
2573	Second Judge Blocks Trump Decision To End Deportation Relief For Dreamers	Second Judge Blocks Trump Decision To End Deportation Relief For Dreamers	no_deleted_chunks	no_added_chunks
1596	America's Russia nightmare is back	America's Russia nightmare is back	no_deleted_chunks	no_added_chunks
1795	Migrants on the Front Lines of Global Class War	Migrants on the Front Lines of Global Class War	no_deleted_chunks	no_added_chunks
452	Covid-19 vaccine for 5- to 11-year-olds is safe and shows 'robust' antibody response, Pfizer says	Covid-19 vaccine for 5- to 11-year-olds is safe and shows 'robust' antibody response, Pfizer says	no_deleted_chunks	no_added_chunks
621	Pfizer says it's time for a Covid booster; FDA and CDC say not so fast	Pfizer says it's time for a Covid booster; FDA and CDC say not so fast	no_deleted_chunks	no_added_chunks
224	Biden touts progress on alleviating supply chain problems: 'Shelves are not empty'	Biden touts progress on alleviating supply chain problems: 'Shelves are not empty'	no_deleted_chunks	no_added_chunks
2417	Mueller obtains access to phone, computer of Trump associate who met with Russian in Seychelles	Mueller obtains access to phone, computer of Trump associate who met with Russian in Seychelles	no_deleted_chunks	no_added_chunks
1606	Trump's Roger Stone power play reveals a presidency unleashed	Trump's Roger Stone power play reveals a presidency unleashed	no_deleted_chunks	no_added_chunks
2795	Read Jared Kushner’s Statement On His Meetings With Russians	Read Jared Kushner’s Statement On His Meetings With Russians	no_deleted_chunks	no_added_chunks
245	Why noncitizens should be allowed to vote	Why noncitizens should be allowed to vote	no_deleted_chunks	no_added_chunks
1051	When it Comes to Facebook, the Need for Action Has Been Obvious for a Long Time	When it Comes to Facebook, the Need for Action Has Been Obvious for a Long Time	no_deleted_chunks	no_added_chunks
2518	The sanctification — and sanitization — of Martin Luther King Jr.	The sanctification — and sanitization — of Martin Luther King Jr.	no_deleted_chunks	no_added_chunks
1696	Nikki Haley gets widely mocked for bizarre defense of the Confederate Flag	Nikki Haley gets widely mocked for bizarre defense of the Confederate Flag	no_deleted_chunks	no_added_chunks
364	Joe Biden's approval ratings are worse than every recent president -- except 1 -- at this stage	Joe Biden's approval ratings are worse than every recent president -- except 1 -- at this stage	no_deleted_chunks	no_added_chunks
2356	The Pentagon is giving Trump his Space Force. Congress may take it away.	The Pentagon is giving Trump his Space Force. Congress may take it away.	no_deleted_chunks	no_added_chunks
2028	Bernie Sanders Can Still Set Himself Apart on Medicare for All	Bernie Sanders Can Still Set Himself Apart on Medicare for All	no_deleted_chunks	no_added_chunks
1517	30 million Americans have lost their jobs in 6 weeks	30 million Americans have lost their jobs in 6 weeks	no_deleted_chunks	no_added_chunks
1833	‘Security Concern’ Drives New Jersey Town To Cancel Labor Day Festivities	‘Security Concern’ Drives New Jersey Town To Cancel Labor Day Festivities	no_deleted_chunks	no_added_chunks
2078	Here Are The 81 People And Entities Close To Trump Democrats Are Investigating	Here Are The 81 People And Entities Close To Trump Democrats Are Investigating	no_deleted_chunks	no_added_chunks
2817	A heroic Playboy reporter defended CNN’s honor at the White House press briefing	A heroic Playboy reporter defended CNN’s honor at the White House press briefing	no_deleted_chunks	no_added_chunks
1196	Federal appeals court rules Trump can't block New York subpoena for his tax returns	Federal appeals court rules Trump can't block New York subpoena for his tax returns	no_deleted_chunks	no_added_chunks
197	Why progress on the Electoral Count Act might be possible	Why progress on the Electoral Count Act might be possible	no_deleted_chunks	no_added_chunks
2554	Trump says gun policy with 82 percent support has 'not much political support (to put it mildly).'	Trump says gun policy with 82 percent support has 'not much political support (to put it mildly).'	no_deleted_chunks	no_added_chunks
2412	Trump And Putin To Hold Summit In Helsinki	Trump And Putin To Hold Summit In Helsinki	no_deleted_chunks	no_added_chunks
758	Gasoline demand spikes in several states after pipeline hack	Gasoline demand spikes in several states after pipeline hack	no_deleted_chunks	no_added_chunks
1069	Biden says he will ask Americans to wear masks for the first 100 days he's in office	Biden says he will ask Americans to wear masks for the first 100 days he's in office	no_deleted_chunks	no_added_chunks
204	FDA expands booster eligibility to adolescents and shortens time needed after primary series	FDA expands booster eligibility to adolescents and shortens time needed after primary series	no_deleted_chunks	no_added_chunks
439	Covid-19 vaccine boosters can begin for some US adults as CDC partially diverges from its advisers' recommendations	Covid-19 vaccine boosters can begin for some US adults as CDC partially diverges from its advisers' recommendations	no_deleted_chunks	no_added_chunks
2821	Why a conservative health care wonk thinks the AHCA is indefensible	Why a conservative health care wonk thinks the AHCA is indefensible	no_deleted_chunks	no_added_chunks
115	GoFundMe Is Going To Refund Millions Of Dollars In Donations Made To The Viral Canadian Trucker Protest	GoFundMe Is Going To Refund Millions Of Dollars In Donations Made To The Viral Canadian Trucker Protest	no_deleted_chunks	no_added_chunks
2353	In Trump's White House, Charlottesville was a moment that wasn't	In Trump's White House, Charlottesville was a moment that wasn't	no_deleted_chunks	no_added_chunks
2571	White House says Trump is interested in fixing background checks for gun sales	White House says Trump is interested in fixing background checks for gun sales	no_deleted_chunks	no_added_chunks
2579	Nancy Pelosi Sets Record For Longest Continuous Speech In House History	Nancy Pelosi Sets Record For Longest Continuous Speech In House History	no_deleted_chunks	no_added_chunks
2493	After the hugs and kisses, Macron rips Trumpism	After the hugs and kisses, Macron rips Trumpism	no_deleted_chunks	no_added_chunks
389	FDA vaccine advisers recommend emergency use authorization for booster dose of Moderna's Covid-19 vaccine	FDA vaccine advisers recommend emergency use authorization for booster dose of Moderna's Covid-19 vaccine	no_deleted_chunks	no_added_chunks
2101	Attorney general nominee William Barr’s “tough on crime” record, explained	Attorney general nominee William Barr’s “tough on crime” record, explained	no_deleted_chunks	no_added_chunks
2834	Donald Trump’s Communications Director Resigns	Donald Trump’s Communications Director Resigns	no_deleted_chunks	no_added_chunks
1409	It's not enough to delete Trump's 'white power' video tweet	It's not enough to delete Trump's 'white power' video tweet	no_deleted_chunks	no_added_chunks
304	House passes Biden's massive spending bill	House passes Biden's massive spending bill	no_deleted_chunks	no_added_chunks
212	The US just hit a record average of daily new Covid-19 cases	The US just hit a record average of daily new Covid-19 cases	no_deleted_chunks	no_added_chunks
1171	Six injured, including three police officers, during clashes in S.F. between pro- and anti-Trump groups	Six injured, including three police officers, during clashes in S.F. between pro- and anti-Trump groups	no_deleted_chunks	no_added_chunks
199	How the current worker shortage is really a wage shortage	How the current worker shortage is really a wage shortage	no_deleted_chunks	no_added_chunks
992	Amazon Is Booting Parler Off Of Its Web Hosting Service	Amazon Is Booting Parler Off Of Its Web Hosting Service	no_deleted_chunks	no_added_chunks
2495	Another Federal Judge Rules Against Trump’s Order To Cancel DACA	Another Federal Judge Rules Against Trump’s Order To Cancel DACA	no_deleted_chunks	no_added_chunks
2397	Tesla hikes prices in China as trade war hits US cars	Tesla hikes prices in China as trade war hits US cars	no_deleted_chunks	no_added_chunks
25	Live updates: Russia invades Ukraine	Live updates: Russia invades Ukraine	no_deleted_chunks	no_added_chunks
252	The Inflation Suspense Goes On	The Inflation Suspense Goes On	no_deleted_chunks	no_added_chunks
2627	The FCC Just Voted To Allow Your Internet Company To Charge You More For Netflix And Facebook	The FCC Just Voted To Allow Your Internet Company To Charge You More For Netflix And Facebook	no_deleted_chunks	no_added_chunks
2791	Donald Trump Says Transgender People Won’t Be Allowed To Serve In Military	Donald Trump Says Transgender People Won’t Be Allowed To Serve In Military	no_deleted_chunks	no_added_chunks
2125	A US-Taliban peace deal may be on the way. But it could easily fall apart.	A US-Taliban peace deal may be on the way. But it could easily fall apart.	no_deleted_chunks	no_added_chunks
1913	Yes, there will be tanks at Trump's Fourth of July event — but there's a catch	Yes, there will be tanks at Trump's Fourth of July event — but there's a catch	no_deleted_chunks	no_added_chunks
1015	Biden Slams Trump For Slow COVID-19 Vaccine Rollout	Biden Slams Trump For Slow COVID-19 Vaccine Rollout	no_deleted_chunks	no_added_chunks
697	Manchin says he'll vote against For the People Act and digs in against eliminating filibuster	Manchin says he'll vote against For the People Act and digs in against eliminating filibuster	no_deleted_chunks	no_added_chunks
2882	Trump signing executive order forcing through Keystone XL and DAPL pipelines	Trump signing executive order forcing through Keystone XL and DAPL pipelines	no_deleted_chunks	no_added_chunks
1701	Kamala Harris poised to withdraw from 2020 presidential race	Kamala Harris poised to withdraw from 2020 presidential race	no_deleted_chunks	no_added_chunks
1885	Ricardo Rosselló Won’t Seek Reelection As Puerto Rico Governor Amid ‘Chatgate’ Scandal	Ricardo Rosselló Won’t Seek Reelection As Puerto Rico Governor Amid ‘Chatgate’ Scandal	no_deleted_chunks	no_added_chunks
1996	'Mommy, there's a gun ... shot at my school.' Shooting near Columbine leaves 1 dead and 8 wounded	'Mommy, there's a gun ... shot at my school.' Shooting near Columbine leaves 1 dead and 8 wounded	no_deleted_chunks	no_added_chunks
2546	Trump finally delivers on Russian sanctions—a month and a half after saying no sanctions were needed	Trump finally delivers on Russian sanctions—a month and a half after saying no sanctions were needed	no_deleted_chunks	no_added_chunks
2777	It’s Officially Barack Obama Day In Illinois	It’s Officially Barack Obama Day In Illinois	no_deleted_chunks	no_added_chunks
2929	Clinton Cancels Campaign Trip To California After Pneumonia Diagnosis	Clinton Cancels Campaign Trip To California After Pneumonia Diagnosis	no_deleted_chunks	no_added_chunks
1476	Twitter Must Cleanse the Trump Stain	Twitter Must Cleanse the Trump Stain	no_deleted_chunks	no_added_chunks
1443	Trump’s Support for Confederate Base Names Has Nothing to Do With Respecting the Military	Trump’s Support for Confederate Base Names Has Nothing to Do With Respecting the Military	no_deleted_chunks	no_added_chunks
1169	Trump trashes Fauci and makes baseless coronavirus claims in campaign call	Trump trashes Fauci and makes baseless coronavirus claims in campaign call	no_deleted_chunks	no_added_chunks
1968	White House, Navy exchanged emails about keeping USS McCain out of Trump's sight	White House, Navy exchanged emails about keeping USS McCain out of Trump's sight	no_deleted_chunks	no_added_chunks
579	Fauci: 'We're going in the wrong direction' on Covid-19 cases	Fauci: 'We're going in the wrong direction' on Covid-19 cases	no_deleted_chunks	no_added_chunks
94	Biden Keeps Up Pressure On Putin To Pull Back Russian Troops, End Ukraine Crisis	Biden Keeps Up Pressure On Putin To Pull Back Russian Troops, End Ukraine Crisis	no_deleted_chunks	no_added_chunks
2820	The Senate GOP Health Care Bill Has A Fatal Flaw	The Senate GOP Health Care Bill Has A Fatal Flaw	no_deleted_chunks	no_added_chunks
51	Trump and right-wing lawyer were part of 'criminal conspiracy' to overturn 2020 election, January 6 committee alleges	Trump and right-wing lawyer were part of 'criminal conspiracy' to overturn 2020 election, January 6 committee alleges	no_deleted_chunks	no_added_chunks
2598	On The Anniversary Of Trump’s Inauguration, The Government Is Shut Down	On The Anniversary Of Trump’s Inauguration, The Government Is Shut Down	no_deleted_chunks	no_added_chunks
1440	Seattle mayor tells Trump to 'go back to your bunker' after he criticizes her handling of protests	Seattle mayor tells Trump to 'go back to your bunker' after he criticizes her handling of protests	no_deleted_chunks	no_added_chunks
959	National Guard allowed back into Capitol complex after lawmakers erupt at banishment to parking garage	National Guard allowed back into Capitol complex after lawmakers erupt at banishment to parking garage	no_deleted_chunks	no_added_chunks
2562	This week’s wild Trump White House chaos, explained	This week’s wild Trump White House chaos, explained	no_deleted_chunks	no_added_chunks
32	Biden slams 'Putin's price hike' as high gas prices add to Democrats' woes	Biden slams 'Putin's price hike' as high gas prices add to Democrats' woes	no_deleted_chunks	no_added_chunks
2032	Secret Service director is the latest casualty in DHS shake-up	Secret Service director is the latest casualty in DHS shake-up	no_deleted_chunks	no_added_chunks
1971	Supreme Court leaves intact block on Indiana abortion restriction, but allows fetal burial to go into effect	Supreme Court leaves intact block on Indiana abortion restriction, but allows fetal burial to go into effect	no_deleted_chunks	no_added_chunks
1823	Exclusive: US extracted top spy from inside Russia in 2017	Exclusive: US extracted top spy from inside Russia in 2017	no_deleted_chunks	no_added_chunks
1940	Supreme Court sides with Oregon bakery that refused to make cake for same-sex wedding	Supreme Court sides with Oregon bakery that refused to make cake for same-sex wedding	no_deleted_chunks	no_added_chunks
1886	Iran says it has captured a British oil tanker	Iran says it has captured a British oil tanker	no_deleted_chunks	no_added_chunks
2182	Betsy DeVos's Commission Says A Way To Prevent School Shootings Is To Drop Disciplinary Protections For Minority Students	Betsy DeVos's Commission Says A Way To Prevent School Shootings Is To Drop Disciplinary Protections For Minority Students	no_deleted_chunks	no_added_chunks
2046	Democrats plan to block Green New Deal in Senate vote Tuesday	Democrats plan to block Green New Deal in Senate vote Tuesday	no_deleted_chunks	no_added_chunks
524	Suspect who claimed to have a bomb has surrendered to authorities, sources say	Suspect who claimed to have a bomb has surrendered to authorities, sources say	no_deleted_chunks	no_added_chunks
2157	Mulvaney: Saturday shutdown meeting 'did not make much progress'	Mulvaney: Saturday shutdown meeting 'did not make much progress'	no_deleted_chunks	no_added_chunks
2382	Intel chief's shocked reaction to Putin invite (Watch)	Intel chief's shocked reaction to Putin invite (Watch)	no_deleted_chunks	no_added_chunks
2081	Trump absolves Kim Jong Un of responsibility for Otto Warmbier’s death	Trump absolves Kim Jong Un of responsibility for Otto Warmbier’s death	no_deleted_chunks	no_added_chunks
660	Don’t Kill Remote Learning. Black and Brown Families Need It.	Don’t Kill Remote Learning. Black and Brown Families Need It.	no_deleted_chunks	no_added_chunks
1405	On Russian bounties, what did Trump know and when did he know it?	On Russian bounties, what did Trump know and when did he know it?	no_deleted_chunks	no_added_chunks
2566	Robert Mueller just flipped his third former Trump aide	Robert Mueller just flipped his third former Trump aide	no_deleted_chunks	no_added_chunks
1510	Republicans’ Push for ‘Liberation’ Could Be a Death Sentence	Republicans’ Push for ‘Liberation’ Could Be a Death Sentence	no_deleted_chunks	no_added_chunks
2822	Jon Ossoff’s Georgia special election loss shows Democrats could use a substantive agenda	Jon Ossoff’s Georgia special election loss shows Democrats could use a substantive agenda	no_deleted_chunks	no_added_chunks
1841	Trump says US may host next G7 at Trump National Doral Golf Resort	Trump says US may host next G7 at Trump National Doral Golf Resort	no_deleted_chunks	no_added_chunks
2672	House Republicans set to (supposedly) roll out their slapped together plan to cut taxes for the rich	House Republicans set to (supposedly) roll out their slapped together plan to cut taxes for the rich	no_deleted_chunks	no_added_chunks
861	The stimulus bill's Child Tax Credit expansion is exactly the pandemic relief parents need	The stimulus bill's Child Tax Credit expansion is exactly the pandemic relief parents need	no_deleted_chunks	no_added_chunks
1065	Joe Biden Picks California Attorney General Xavier Becerra To Be HHS Secretary	Joe Biden Picks California Attorney General Xavier Becerra To Be HHS Secretary	no_deleted_chunks	no_added_chunks
1822	‘No Longer Needed’: Trump Boots John Bolton as National Security Adviser	‘No Longer Needed’: Trump Boots John Bolton as National Security Adviser	no_deleted_chunks	no_added_chunks
2249	Trump says US is ending decades-old nuclear arms treaty with Russia	Trump says US is ending decades-old nuclear arms treaty with Russia	no_deleted_chunks	no_added_chunks
61	Joe Rogan Posts — and Deletes — Fake Report About Steven Seagal Joining Russian Special Forces	Joe Rogan Posts — and Deletes — Fake Report About Steven Seagal Joining Russian Special Forces	no_deleted_chunks	no_added_chunks
280	Students grabbed scissors for self-defense and escaped out a window during Michigan high school shooting that killed 3 and injured 8	Students grabbed scissors for self-defense and escaped out a window during Michigan high school shooting that killed 3 and injured 8	no_deleted_chunks	no_added_chunks
1777	White House Refuses To Cooperate With Impeachment Inquiry; Constitutional Crisis Looms	White House Refuses To Cooperate With Impeachment Inquiry; Constitutional Crisis Looms	no_deleted_chunks	no_added_chunks
765	Major disappointment: America added way fewer jobs than expected in April	Major disappointment: America added way fewer jobs than expected in April	no_deleted_chunks	no_added_chunks
1208	Trump Tests Positive for Covid-19, 48 Hours After Mocking Biden for Wearing a Mask	Trump Tests Positive for Covid-19, 48 Hours After Mocking Biden for Wearing a Mask	no_deleted_chunks	no_added_chunks
1692	Justice Department Inspector General Finds ‘Serious Performance Failures’ in FBI’s Carter Page Probe	Justice Department Inspector General Finds ‘Serious Performance Failures’ in FBI’s Carter Page Probe	no_deleted_chunks	no_added_chunks
2530	Judge rules Trump can be sued for profits at Trump International Hotel in D.C.	Judge rules Trump can be sued for profits at Trump International Hotel in D.C.	no_deleted_chunks	no_added_chunks
1370	Russia Is Trying to Hack COVID-19 Vaccine Development	Russia Is Trying to Hack COVID-19 Vaccine Development	no_deleted_chunks	no_added_chunks
114	Germany's Scholz meets Biden as the new chancellor's resolve on Ukraine is tested	Germany's Scholz meets Biden as the new chancellor's resolve on Ukraine is tested	no_deleted_chunks	no_added_chunks
2588	Trump just decided not to sanction Russia for its election meddling	Trump just decided not to sanction Russia for its election meddling	no_deleted_chunks	no_added_chunks
299	At least 5 killed after SUV plows into Wisconsin holiday parade	At least 5 killed after SUV plows into Wisconsin holiday parade	no_deleted_chunks	no_added_chunks
1361	US defense chief pushes allied effort to challenge China	US defense chief pushes allied effort to challenge China	no_deleted_chunks	no_added_chunks
2256	Pompeo meets Saudi King as Khashoggi family calls for inquiry into 'death'	Pompeo meets Saudi King as Khashoggi family calls for inquiry into 'death'	no_deleted_chunks	no_added_chunks
1312	What today's guilty plea in the Russia probe shows (and what it doesn't)	What today's guilty plea in the Russia probe shows (and what it doesn't)	no_deleted_chunks	no_added_chunks
2849	Fox News Has Decided Bill O’Reilly Has to Go	Fox News Has Decided Bill O’Reilly Has to Go	no_deleted_chunks	no_added_chunks
2342	If the media speaks with one voice, Trump will have to listen	If the media speaks with one voice, Trump will have to listen	no_deleted_chunks	no_added_chunks
1831	After months of protests, Hong Kong leader Carrie Lam withdraws controversial extradition bill	After months of protests, Hong Kong leader Carrie Lam withdraws controversial extradition bill	no_deleted_chunks	no_added_chunks
779	Washington Post, New York Times, and NBC News retract reports on Giuliani	Washington Post, New York Times, and NBC News retract reports on Giuliani	no_deleted_chunks	no_added_chunks
2235	President Trump renews attacks on press as 'true enemy of the people' even as CNN receives another suspected bomb	President Trump renews attacks on press as 'true enemy of the people' even as CNN receives another suspected bomb	no_deleted_chunks	no_added_chunks
1399	To Reopen the Economy, Close the Bars	To Reopen the Economy, Close the Bars	no_deleted_chunks	no_added_chunks
1369	Kayleigh McEnany: ‘Science Should Not Stand in the Way’ of Reopening Schools	Kayleigh McEnany: ‘Science Should Not Stand in the Way’ of Reopening Schools	no_deleted_chunks	no_added_chunks
2156	Cyntoia Brown is granted clemency after serving 15 years in prison for killing man who bought her for sex	Cyntoia Brown is granted clemency after serving 15 years in prison for killing man who bought her for sex	no_deleted_chunks	no_added_chunks
2670	It begins: Republican Congressmen introduce resolution calling for Mueller to resign	It begins: Republican Congressmen introduce resolution calling for Mueller to resign	no_deleted_chunks	no_added_chunks
2362	YouTube Bans Infowars’ Alex Jones for Spewing Hate Speech	YouTube Bans Infowars’ Alex Jones for Spewing Hate Speech	no_deleted_chunks	no_added_chunks
2237	Pennsylvania candidates cancel campaign events after Pittsburgh synagogue shooting	Pennsylvania candidates cancel campaign events after Pittsburgh synagogue shooting	no_deleted_chunks	no_added_chunks
2236	Angela Merkel announced she will not seek re-election as German Chancellor	Angela Merkel announced she will not seek re-election as German Chancellor	no_deleted_chunks	no_added_chunks
2086	Bernie Sanders Vows To Fight ‘All Forms Of Racism’ In First Televised Town Hall	Bernie Sanders Vows To Fight ‘All Forms Of Racism’ In First Televised Town Hall	no_deleted_chunks	no_added_chunks
74	Jury finds Ahmaud Arbery's killers were racially motivated in chasing him	Jury finds Ahmaud Arbery's killers were racially motivated in chasing him	no_deleted_chunks	no_added_chunks
1436	A debunked conspiracy theory about Black Lives Matter, ActBlue, and Democrats can be traced to far-right message boards	A debunked conspiracy theory about Black Lives Matter, ActBlue, and Democrats can be traced to far-right message boards	no_deleted_chunks	no_added_chunks
945	Democrats Poised To Ditch Republicans To Pass Big COVID-19 Relief Bill	Democrats Poised To Ditch Republicans To Pass Big COVID-19 Relief Bill	no_deleted_chunks	no_added_chunks
2541	The Supreme Court Is Now Republicans’ Only Hope of Restoring Pennsylvania’s Gerrymander	The Supreme Court Is Now Republicans’ Only Hope of Restoring Pennsylvania’s Gerrymander	no_deleted_chunks	no_added_chunks
408	Wonking Out: Biden Should Ignore the Debt Limit and Mint a $1 Trillion Coin	Wonking Out: Biden Should Ignore the Debt Limit and Mint a $1 Trillion Coin	no_deleted_chunks	no_added_chunks
2352	Omarosa Releases New Tape Of Trump Appearing Unaware She Was Fired	Omarosa Releases New Tape Of Trump Appearing Unaware She Was Fired	no_deleted_chunks	no_added_chunks
866	Biden to sign executive orders establishing Gender Policy Council and addressing sexual violence in education	Biden to sign executive orders establishing Gender Policy Council and addressing sexual violence in education	no_deleted_chunks	no_added_chunks
1858	The Trump Administration Just Made It Harder To Apply For Green Cards And Visas	The Trump Administration Just Made It Harder To Apply For Green Cards And Visas	no_deleted_chunks	no_added_chunks
1753	President Trump: ISIS leader Abu Bakr al-Baghdadi is dead	President Trump: ISIS leader Abu Bakr al-Baghdadi is dead	no_deleted_chunks	no_added_chunks
309	Fate of Biden administration's vaccine mandate for employers now at conservative-leaning appeals court	Fate of Biden administration's vaccine mandate for employers now at conservative-leaning appeals court	no_deleted_chunks	no_added_chunks
2054	Trump won't let McCain feud rest in peace	Trump won't let McCain feud rest in peace	no_deleted_chunks	no_added_chunks
1509	Betsy DeVos unveils rules bolstering rights of accused college rapists	Betsy DeVos unveils rules bolstering rights of accused college rapists	no_deleted_chunks	no_added_chunks
2773	Trump Pushes Back Against Mitch McConnell’s Criticism Of ‘Excessive Expectations’	Trump Pushes Back Against Mitch McConnell’s Criticism Of ‘Excessive Expectations’	no_deleted_chunks	no_added_chunks
180	Judge Refuses To Drop Civil Case Against Prince Andrew	Judge Refuses To Drop Civil Case Against Prince Andrew	no_deleted_chunks	no_added_chunks
1862	A Gun-Toting Man In Body Armor Who Sparked Panic At A Missouri Walmart Was Arrested For Making A Terrorist Threat	A Gun-Toting Man In Body Armor Who Sparked Panic At A Missouri Walmart Was Arrested For Making A Terrorist Threat	no_deleted_chunks	no_added_chunks
647	The Supreme Court’s Surprising Term	The Supreme Court’s Surprising Term	no_deleted_chunks	no_added_chunks
1012	Trump was briefed that China sought to pay non-state actors to attack US forces in Afghanistan	Trump was briefed that China sought to pay non-state actors to attack US forces in Afghanistan	no_deleted_chunks	no_added_chunks
275	Symone Sanders, Harris' chief spokesperson, to leave White House	Symone Sanders, Harris' chief spokesperson, to leave White House	no_deleted_chunks	no_added_chunks
202	What parents should know about sending kids back to school during Omicron	What parents should know about sending kids back to school during Omicron	no_deleted_chunks	no_added_chunks
2359	Rick Gates Claims That He and Paul Manafort Are Tax-Evading, Money-Laundering Criminals	Rick Gates Claims That He and Paul Manafort Are Tax-Evading, Money-Laundering Criminals	no_deleted_chunks	no_added_chunks
2123	Kamala Harris Backs Medicare For All And She Isn’t Messing Around	Kamala Harris Backs Medicare For All And She Isn’t Messing Around	no_deleted_chunks	no_added_chunks
