id,content
1,"unemployment rate drops to 13. 3 % in may, signaling return of us jobs"
2,"go away, colin powell: trump should really stop insulting people"
3,"iden taps kamala harris as running mate, setting aside tensions from primary"
4,white house launches pilot program to ship coronavirus vaccines directly to select pharmacies
5,help lebanon: remove hezbollahs stranglehold and its missile stockpiles
6,"""us court blocks trump on healthcare:'end - run'around around 2007"""
7,"gop senators: mcconnell will move to trump, not dismiss charges"
8,the political media are america
9,"""trump announces'historic peace agreement'between israel, uae"""
10,"1. 9 million more jobless benefits last week, bringing pandemic total to 42 million"
11,iden claims to support firm position on trump impeachment as house dems ramp up
12,why trump is threatening to veto omnibus spending bill
13,thanksgiving is not a lie
14,"""analysis: new report on don jr. and wikileaks is an'bombshell '"""
15,"job claims drop to 385, 000, a post - pandemic low"
16,: whole lot of wrong information in media
17,supreme court tie allows 3 - day extension for pennsylvania ballots
18,"what is easter, and why do christians celebrate this holiday? "
19,joe biden releases more monthly direct cash payments to parents
20,daunte wright shooting: minnesota police officer kim potter to be charged with second - degree manslaughter
21,robert mueller breaks silence on russia probe
22,"judges say parents, school officials must obey transgender transgender"
23,ending the flynn false - statement case was the right judgment
24,doing own our due diligence as parents on the covid - 19 vaccine for children
25,minneapolis third precinct police station set on fire after break in
26,"iran protesters thank trump, call for stronger sanctions"
27,jan. 6 committee recommends bannon face for defying subpoena
28,trump to visit puerto rico rico amid accusations of mishandling hurricane maria aftermath
29,"""the media's top 10 miss 10 in 2021ps"""
30,"""trump: we must pass'strong background checks'for gun buyers"""
31,portland election unrest reroutes emergency services as destructive crowds block street access
32,"news, bad news as trump administration staffs"
33,"""desantis signs law allowing people to sue'big tech'for'deplatforming '"""
34,critulation is not astroturf
35,"taylor swifts political instagram post causes spike in voter registration, organization says"
36,watch: a memorial day message from the men who guard the tomb of the unknown soldier
37,trump impeachment trial could ham biden congressional agenda in first days of presidency
38,are we done with china now? 
39,"president trump projects amid growing coronavirus fears, appoints vice president pence to lead us response"
40,claims drop to new pandemic low as us economic recovery gains steam
41,"iran to break uranium stockpile limit set by nuclear deal, says says"
42,"""' voters said no to liberal policies': pro - trump republican wins nc special election"""
43,three out - of - the - box options on north korea
44,"""moderna's vaccine 96 % effective in teens 12 to 17"""
45,federal court blocks tiktok download ban
46,"who meets to discuss new, heavily mutated covid - 19"
47,twitter suspends @ realdonaldp account
48,"ken starr, alan dershowitz join trumps impeachment team"
49,"""florida principal who told parent he'can't say the holocaust is a factual, historical event'is claimed to have been a factual, historical event '"""
50,susan collins will vote no on graham - cassidy - cassidy repeal bill
51,dems pass usps bill and block common sense legislation to help workers
52,us has most confirmed virus cases ( 82k ) in world
53,trump stated that he will leave office if electoral college votes for biden
54,"""hillary clinton bernie sanders:'nobody likes him '"""
55,"trump scraps secret meetings with afghan, taliban leaders after bombing"
56,"doj charges oath keepers founder, 10 others with seditious conspiracy related to jan. 6 riot"
57,asa hutchinson vetoes bill to ban transgender for minors
58,swalwell says his ties to chinese spy were leaked because of trump criticism
59,"trump celebrates great day for civilization as pence, pompeo secure syria cease - fire agreement"
60,george floyd will be laid to rest in hometown of houston after private memorial service
61,"""russian troops aiming to'mine'nuclear plant to'blackmail the whole of europe:'zaporizhzhia employees"""
62,senate overwhelmingly passes criminal justice overhaul
63,trump considering personal pilot to lead faa
64,trump: dod will distribute vaccine doses within 24 hours of fda approval will be available to every american by april
65,mcconnell: we have the votes to bust filibuster on gorsuch for supreme court
66,"""scalise biden school - reopening goal:'you're afraid of standing up to the teachers union '"""
67,memos leaked heres what they say they say
68,kamala harris to potential migrants: do not come
69,pelosi instructs u. s. athletes to not speak out during olympics against communist chinas
70,historic moment for britain as article 50 letter is delivered to the eu headquarters
71,judge shuts down rittenhouse prosecutors questioning for possible constitutional violation
72,dem representative john conyers hit by report on sexual conduct with ex - staffers
73,"kavanaugh questioning enters final stretch, as dems seem to lay traps"
74,mississippi brief in dobbs calls for overruling of roe and casey
75,"""kudlow:'there is no second spike'of virus"""
76,trump retweets post bill clinton behind jeffrey epsteins death trump
77,president trump will win the shutdown showdown
78,a of two drone strikes
79,"""the no's have it - d. """
80,gavin newsom survives in california recall election
81,"""marco rubio backs $ 2, 000 stimulus checks, calls for congress to'quickly pass legislation '"""
82,"if cory booker wants to win, need to play partisan"
83,democrats play with filibuster
84,"""flynn judge to allow'amicus'submissions, delaying immediate resolution and drawing ethics complaint"""
85,"""prince philip, duke of edinburgh and queen elizabeth ii's husband, at 99"""
86,pink slips and promotions fly at white house in chaotic day of turnover
87,"trump campaign manager: we want more biden debates, sooner"
88,"""images emerge on social media of hurricane laura's landfall and aftermath"""
89,"""nra files for bankruptcy, announces it's new york for texas"""
90,opinion: nfl protests: stars should get off their knees and lead a conversation on race
91,"""why trump is in recognizing jerusalem as israel's capital"""
92,imprisoning bill barr is lefts new rallying cry: have him locked up:
93,"""it sounds like trump is getting close to commuting blagojevich's sentence"""
94,"719, 000 americans file for first - time unemployment"
95,here is how questioning from senators will be handled during the impeachment trial today
96,attorney general william barr barr before house judiciary committee
97,"senate confirms amy coney barrett to supreme court, cement 6 - 3 conservative majority"
98,"trump makes case for reelection, shows america what it is in for if biden wins"
99,g - 7 nations call for who - led investigation into covid - 19
100,democrats supreme on labor rights
101,presidential debate host kristen welker: 4 things you need to know
102,trump ups to discredit trump
103,rights confiscation? 
104,or a idea? 
105,lindsey graham announces new agreement to fund state based red flag laws
106,trump administration reverses obama - era regulation that redefined sex
107,"roger stone sentenced to 3 years for lying to congress, trump trump at pardon"
108,white house disputes report that trump asked comey to end flynn probe
109,new study finds covid transmission in schools is rare
110,"trump, pelosi order flags at half - staff to honor john lewis ; possible he could lie in state"
111,ipartisan group of lawmakers propose covid relief package as negotiations
112,"""biden again dodges court - packing question, hints he is'not a fan '"""
113,first capitol rioter charged with felony gets jail time
114,pelosi moves to limit trumps actions in iran with war powers resolution vote
115,congress faces tough choices on saudi arabia in wake of khashoggi
116,. 
117,1 is a partisan partisan
118,virginia restaurant owner kicks out sarah huckabee sanders over sanders over moral conviction. 
119,recent change ensues. 
120,cdc announces vaccinated americans no longer need to wear masks indoors in most situations
121,"ump stock prices jump after trump comments, report says"
122,us spies reportedly keeping intelligence from trump
123,"""trump says u. s. navy destroyed'provocative and hostile'iranian drone that flew within 1, 000 yards and ignored warnings to retreat to the united states"""
124,judge ban msnbc from rittenhouse trial
125,"""biden calls tone of putin meeting'positive, 'he made'no threats'but warned of consequences"""
126,trump floats kamala harris birther theory after being given every opportunity to refute it it floats
127,"florida covid - 19 surge to peak next week, researchers project"
128,virginia brewing? 
129,mcauliffe give youngkin an opening in election days marquee race
130,health secretary price resigns amid charter flight
131,washington post reported story about kavanaugh coaching basketball under public safety tag
132,"the russia dossier story: a perfect storm of clinton deception, media irresponsibility, and democratic moral blindness"
133,"""biden annoyed by repeated questions on afghanistan:'i'm not going to answer... it's a holiday weekend '"""
134,"rioters defeated kenosha: businesses destroyed, cars torched"
135,congressman who wanted to oust pelosi wants to take on trump in 2020
136,the folly of woke math
137,pentagon watchdog to review border awarded to company repeatedly praised by trump contract
138,the latest: donor says university is punishing him
139,"""one dead after gunmen storm five - star hotel in pakistan in'attack on multi - billion - dollar chinese investment '"""
140,"""' that poor performance! '"""
141,"""- trump beto o'rourke during rally after his exit from presidential race"""
142,"viacomcbs terminates nick cannon over anti - semitic remarks, does not mention anti - white remarks"
143,"reaking: partisan house votes to impeach president trump, some democrats democrats"
144,fauci: vaccine requirement for domestic air travel should be considered to be considered considered seriously
145,fact check: claims in the vp
146,gorsuch and kavanaugh stake out their secession from trump
147,"""sen. joe manchin all but kills biden's budget'build back better'package"""
148,"""netanyahu brushes off biden call for'significant de - escalation'in gaza, israel's determined to continue '"""
149,dave chappelle
150,kim potter trial: minneapolis jury finds officer guilty in death of daunte wright
151,us embassy compound in baghdad under siege as crowds protesting airstrikes break through gate
152,november jobs report falls short of expectations
153,trump signs executive order to expand school choice for hispanic students
154,"""' comey's a leaker': the fallout from fired fbi director's testimony"""
155,pentagon cancels trump - era wall construction paid for by military funds
156,"""biden's standing among americans in wake of rocky afghanistan exit, covid surge"""
157,fire. 
158,judge michael cohen released from prison
159,graham to introduce legislation to make it hard for trump to mueller
160,supreme court agrees to hear major abortion case
161,"fbi fires peter strzok, months after texts revealed revealed texts"
162,"""it's official: doj inspector general refers labe to federal prosecutor for possible criminal charges"""
163,erlin police launch manhunt for tunisian refugee
164,""" theresa may on defeating: theresa: "" yes, that means taking military action "" """
165,"mueller blasts trump with subpoenas, is reviewing business dealings with russia"
166,"senate intel panel finds no evidence of collusion, faced roadblocks"
167,gavin newsom to sign bill requiring trump tax returns
168,"""coronavirus relief on pause until after election as trump promises'best stimulus package '"""
169,university of chicago sends the acceptance letter every college
170,federal judge temporarily blocks trump efforts to end daca program
171,ex - nsc aide fiona hill clashes with gop reps over ukraine fiction in testy
172,media silent while obama dances in a crowded tent
173,"""us military targets taliban forces in'defensive'airstrike, first strike since peace deal"""
174,"housing prices continue to so - called supply chain, inventory crisis"
175,trump congratulates ag barr for taking charge of roger stone case
176,kim jong un backs down in nuclear with trump
177,"""diplomat bill taylor test two channels were created for ukraine policy, 'one regular, one irregular '"""
178,"antifa arrests coming, concerns over riots heading to suburbia, government source says"
179,nyc law giving non - citizens right to vote federal and state constitutions
180,"no, the georgia vote - counting video was not refuted. "
181,not only close
182,"""hhs secretary becerra:'absolutely the government's business'to know which americans haven't been vaccinated the government's business'to help which americans"""
183,kevin mccarthy: impeaching trump would further divide america
184,american academy of pediatrics recommends schools
185,"""kavanaugh wants an fbi probe before she'll testify - now what? """
186,"""americans'failure to get 2nd covid shot shot need for 1 - dose vaccine"""
187,"illinois becomes 11th state in us to legalize recreational marijuana, first to set up statewide marketplace"
188,"""biden lays out'prescription'for u. s. - china relations in first call with xi jinping since taking office"""
189,justice department sue texas over election integrity legislation
190,"cnn poll: trump, biden tied in 15 battle states"
191,house dem leaders try to tone down impeachment
192,"facebook acquisitions its employees, sellers, and consumers. "
193,where he claims to be the harm? 
194,"martin luther kings wisdom, words and compassion are needed now more than ever"
195,"""nikki haley fires back at'pure garbage'report what she said about the confederate flag"""
196,"""' deceptively edited'video claiming trump is'disoriented'misrepresent false after it goes viral"""
197,"""' professional protesters'over trump's election, attacking bystanders and vandalizing cars, property"""
198,judge rules federally funded doctors and nurses must ignore conscience and perform abortions if asked to do so
199,"eu leaders agree to short - term brexit delay, granting pm theresa may a lifeline"
200,"simone biles, olympic gymnasts fbi over handling of larry nassar case in explosive congressional testimony"
201,"ernie sanders introduces a new, revamped medicare - for - all plan"
202,claims fall to 3. 84 million
203,"""bill barr vows to uncover'exactly what happened'with russia probe, says explanations have been'inadequate '"""
204,trump repeal of section 230 tech liability
205,dems continue their contention on the trump administration by launching another probe
206,soft core news: playboy mag rushes to cnns defense in white house briefing
207,"""trump: efforts to raise minimum age for buying long guns'moving''"""
208,"""pelosi: let's push back the state of the union"""
209,"putin, trump to have summit in helsinki on july 16"
210,gas prices hit highest point since 2014 after pipeline pipeline
211,iden to call for 100 days of inauguration after inauguration
212,"federal agents to begin leaving portlands downtown: dhs, oregon governor"
213,fda approves pfizer coronavirus vaccines for children as young as 12
214,"anthem pulls out of exchanges in midwest, fueling gop repeal"
215,newsom recall officially triggered as verified signature threshold met
216,"trump administration makes deal with cvs, walgreens to distribute coronavirus vaccine to nursing homes once its available"
217,"after backlash, gofundme says it will automatically refund freedom convoy donors"
218,"""grassley has reviewed the fbi report - - here's how he described it how"""
219,supreme court rejects trump bid to enforce asylum seekers to enforce
220,"""trump declares'country is full'in fox news interview, says us can no longer accept illegal immigrants"""
221,"china retaliates against trump, hikes tariffs on $ 60b of us goods"
222,seattle mayor ed murray to resign following accusations of sexual abuse
223,"""biden's town hall event hall event shows why cnn isn't moderating the presidential debates"""
224,"""pelosi celebrates her grandson's racial in marathon house speech"""
225,liancourt rocks page is a doca docs
226,israeli ground troops attack in gaza
227,iden sets out plan to go door to door to urge americans to take covid - 19 vaccine shots
228,"rose mcgowan pushes back on critics of her fox news appearance, gets blocked by olbermann"
229,william barr is new attorney general - - here are four things he should focus on right away
230,trump announces commission promoting education
231,mike dubke as white house communications director
232,"iden vowed a return to normalcy instead, we got a year of chaos"
233,us to sanction 7 senior russian officials over navalny
234,trump to demand recount in wisconsin
235,ernie sanders has no cost estimate on his jobs plan
236,immigration and the charge of the charge
237,iden ends ban on transgender soldiers in u. s. military
238,peace talks under way in belarus as russian advance continues
239,trump: north korea has agreed to close a nuclear weapons testing site
240,daily cases of coronavirus records in u. s. after biden promised to shut down the virus
241,"""san francisco free speech rally shut down'within minutes'after counter - protesters trump supporters"""
242,idens 2022 budget would push federal spending to highest levels since wwii
243,manhunt for berlin attacker continues ; police treating assault as act of terrorism
244,par ceo: tech companies coordinated plan to close us down
245,"america first diplomacy is over, biden tells g - 7 summit"
246,"""nbc admits chuck todd's'meet the press'edited barr remarks on flynn"""
247,judge gives trump administration 90 days to explain move to end daca
248,hunter biden leaves china board as trump hit home
249,trump is leaving his business to focus on presidency
250,mike pompeo says not a thing has changed his view that coronavirus came from a chinese lab
