1455	Unemployment rate drops to 13.3% in May, signaling return of US jobs	Unemployment rate drops to 13.3% in May, signaling return of US jobs	no_deleted_chunks	no_added_chunks
2269	Go Away, Colin Powell: Trump Should ‘Really Stop Insulting People’	Go Away, Colin Powell: Trump Should ‘Really Stop Insulting People’	no_deleted_chunks	no_added_chunks
1324	Biden taps Kamala Harris as running mate, setting aside tensions from primary	Biden taps Kamala Harris as running mate, setting aside tensions from primary	no_deleted_chunks	no_added_chunks
938	White House Launches Pilot Program To Ship Coronavirus Vaccines Directly To ‘Select’ Pharmacies	White House Launches Pilot Program To Ship Coronavirus Vaccines Directly To ‘Select’ Pharmacies	no_deleted_chunks	no_added_chunks
1329	Help Lebanon: Remove Hezbollah’s Stranglehold — and Its Dangerous Missile Stockpiles	Help Lebanon: Remove Hezbollah’s Stranglehold — and Its Dangerous Missile Stockpiles	no_deleted_chunks	no_added_chunks
2044	US Court Blocks Trump on Healthcare: 'End-Run' Around Obamacare  	US Court Blocks Trump on Healthcare: 'End-Run' Around Obamacare  	no_deleted_chunks	no_added_chunks
1688	GOP Senators: McConnell Will Move to Acquit Trump, Not Dismiss Charges	GOP Senators: McConnell Will Move to Acquit Trump, Not Dismiss Charges	no_deleted_chunks	no_added_chunks
1535	The Political Media Are Failing America	The Political Media Are Failing America	no_deleted_chunks	no_added_chunks
1319	Trump announces 'Historic Peace Agreement' between Israel, UAE	Trump announces 'Historic Peace Agreement' between Israel, UAE	no_deleted_chunks	no_added_chunks
1456	1.9 Million More Claimed Jobless Benefits Last Week, Bringing Pandemic Total to 42 Million	1.9 Million More Claimed Jobless Benefits Last Week, Bringing Pandemic Total to 42 Million	no_deleted_chunks	no_added_chunks
991	Biden avoids firm position on Trump impeachment as House Dems ramp up	Biden avoids firm position on Trump impeachment as House Dems ramp up	no_deleted_chunks	no_added_chunks
2535	Why Trump Is Threatening to Veto Omnibus Spending Bill	Why Trump Is Threatening to Veto Omnibus Spending Bill	no_deleted_chunks	no_added_chunks
1086	Thanksgiving Is Not a Lie	Thanksgiving Is Not a Lie	no_deleted_chunks	no_added_chunks
2659	Analysis: New Report on Don Jr. and Wikileaks is an Underwhelming 'Bombshell'	Analysis: New Report on Don Jr. and Wikileaks is an Underwhelming 'Bombshell'	no_deleted_chunks	no_added_chunks
1733	Trump ordered to pay $2M in Trump Foundation settlement, admits misuse of funds	Trump ordered to pay $2M in Trump Foundation settlement, admits misuse of funds	no_deleted_chunks	no_added_chunks
706	Jobless Claims Drop to 385,000, A Post-Pandemic Low	Jobless Claims Drop to 385,000, A Post-Pandemic Low	no_deleted_chunks	no_added_chunks
2864	Comey: ‘Whole Lot Of Wrong Information’ In Media 	Comey: ‘Whole Lot Of Wrong Information’ In Media 	no_deleted_chunks	no_added_chunks
1165	Supreme Court Tie Allows 3-Day Extension for Pennsylvania Ballots	Supreme Court Tie Allows 3-Day Extension for Pennsylvania Ballots	no_deleted_chunks	no_added_chunks
2526	What is Easter, and why do Christians celebrate this holiday?	What is Easter, and why do Christians celebrate this holiday?	no_deleted_chunks	no_added_chunks
745	Joe Biden Releases More Monthly Direct Cash Payments to Parents	Joe Biden Releases More Monthly Direct Cash Payments to Parents	no_deleted_chunks	no_added_chunks
819	Daunte Wright shooting: Ex-Minnesota police officer Kim Potter to be charged with second-degree manslaughter	Daunte Wright shooting: Ex-Minnesota police officer Kim Potter to be charged with second-degree manslaughter	no_deleted_chunks	no_added_chunks
1969	Robert Mueller Breaks Silence on Russia Probe	Robert Mueller Breaks Silence on Russia Probe	no_deleted_chunks	no_added_chunks
2833	Judges Say Parents, School Officials Must Obey ‘Transgender’ Teenager	Judges Say Parents, School Officials Must Obey ‘Transgender’ Teenager	no_deleted_chunks	no_added_chunks
1505	Ending the Flynn False-Statement Case Was the Right Judgment	Ending the Flynn False-Statement Case Was the Right Judgment	no_deleted_chunks	no_added_chunks
2575	Trump wants $1.5T infrastructure spending boost, cuts to red tape	Trump wants $1.5T infrastructure spending boost, cuts to red tape	no_deleted_chunks	no_added_chunks
322	Doing Our Own Due Diligence as Parents on the COVID-19 Vaccine for Children	Doing Our Own Due Diligence as Parents on the COVID-19 Vaccine for Children	no_deleted_chunks	no_added_chunks
1468	Minneapolis Third Precinct police station set on fire after rioters break in	Minneapolis Third Precinct police station set on fire after rioters break in	no_deleted_chunks	no_added_chunks
2603	Iran protesters thank Trump, call for stronger sanctions	Iran protesters thank Trump, call for stronger sanctions	no_deleted_chunks	no_added_chunks
376	Jan. 6 committee recommends Bannon face criminal contempt for defying subpoena	Jan. 6 committee recommends Bannon face criminal contempt for defying subpoena	no_deleted_chunks	no_added_chunks
2712	Trump to visit Puerto Rico amid accusations of mishandling Hurricane Maria aftermath	Trump to visit Puerto Rico amid accusations of mishandling Hurricane Maria aftermath	no_deleted_chunks	no_added_chunks
207	The mainstream media's top 10 missteps in 2021	The mainstream media's top 10 missteps in 2021	no_deleted_chunks	no_added_chunks
1867	Trump: We Must Pass 'Strong Background Checks' for Gun Buyers	Trump: We Must Pass 'Strong Background Checks' for Gun Buyers	no_deleted_chunks	no_added_chunks
1129	Portland election unrest reroutes emergency services as destructive crowds block street access	Portland election unrest reroutes emergency services as destructive crowds block street access	no_deleted_chunks	no_added_chunks
2778	Good news, bad news as Trump administration staffs up	Good news, bad news as Trump administration staffs up	no_deleted_chunks	no_added_chunks
728	DeSantis Signs Law Allowing People to Sue 'Big Tech' for 'Deplatforming'	DeSantis Signs Law Allowing People to Sue 'Big Tech' for 'Deplatforming'	no_deleted_chunks	no_added_chunks
650	CRT Backlash Is Not Astroturf	CRT Backlash Is Not Astroturf	no_deleted_chunks	no_added_chunks
2266	Taylor Swift’s political Instagram post causes spike in voter registration, organization says	Taylor Swift’s political Instagram post causes spike in voter registration, organization says	no_deleted_chunks	no_added_chunks
2454	WATCH: A Memorial Day Message From The Men Who Guard The Tomb Of The Unknown Soldier	WATCH: A Memorial Day Message From The Men Who Guard The Tomb Of The Unknown Soldier	no_deleted_chunks	no_added_chunks
981	Trump impeachment trial could hamper Biden congressional agenda in first days of presidency	Trump impeachment trial could hamper Biden congressional agenda in first days of presidency	no_deleted_chunks	no_added_chunks
1508	Are We Done with China Now?	Are We Done with China Now?	no_deleted_chunks	no_added_chunks
1586	President Trump Projects Calm Amid Growing Coronavirus Fears, Appoints Vice President Pence to Lead US Response	President Trump Projects Calm Amid Growing Coronavirus Fears, Appoints Vice President Pence to Lead US Response	no_deleted_chunks	no_added_chunks
769	Jobless claims drop to new pandemic low as US economic recovery gains steam	Jobless claims drop to new pandemic low as US economic recovery gains steam	no_deleted_chunks	no_added_chunks
1941	Iran to break uranium stockpile limit set by nuclear deal, spokesman says	Iran to break uranium stockpile limit set by nuclear deal, spokesman says	no_deleted_chunks	no_added_chunks
1820	'Voters Said No to Radical Liberal Policies': Pro-Trump Republican Wins NC Special Election	'Voters Said No to Radical Liberal Policies': Pro-Trump Republican Wins NC Special Election	no_deleted_chunks	no_added_chunks
2557	Three Out-of-the-Box Options on North Korea	Three Out-of-the-Box Options on North Korea	no_deleted_chunks	no_added_chunks
767	Moderna claims vaccine 96% effective in teens 12 to 17	Moderna claims vaccine 96% effective in teens 12 to 17	no_deleted_chunks	no_added_chunks
1216	Federal Court Blocks TikTok Download Ban	Federal Court Blocks TikTok Download Ban	no_deleted_chunks	no_added_chunks
288	WHO meets to discuss new, ‘heavily mutated’ COVID-19 variant	WHO meets to discuss new, ‘heavily mutated’ COVID-19 variant	no_deleted_chunks	no_added_chunks
994	Twitter suspends @realDonaldTrump account permanently	Twitter suspends @realDonaldTrump account permanently	no_deleted_chunks	no_added_chunks
1639	Ken Starr, Alan Dershowitz join Trump’s impeachment defense team	Ken Starr, Alan Dershowitz join Trump’s impeachment defense team	no_deleted_chunks	no_added_chunks
1745	Florida principal who told parent he 'can't say the Holocaust is a factual, historical event' is fired	Florida principal who told parent he 'can't say the Holocaust is a factual, historical event' is fired	no_deleted_chunks	no_added_chunks
2719	Susan Collins Will Vote No on Graham-Cassidy Obamacare Repeal Bill	Susan Collins Will Vote No on Graham-Cassidy Obamacare Repeal Bill	no_deleted_chunks	no_added_chunks
1296	Dems Pass USPS Bill and Block Common Sense Legislation to Help Workers	Dems Pass USPS Bill and Block Common Sense Legislation to Help Workers	no_deleted_chunks	no_added_chunks
2196	Trump threatens to have military build border wall if Pelosi, Schumer won’t budge	Trump threatens to have military build border wall if Pelosi, Schumer won’t budge	no_deleted_chunks	no_added_chunks
1536	US Now Has Most Confirmed Virus Cases (82K) in World	US Now Has Most Confirmed Virus Cases (82K) in World	no_deleted_chunks	no_added_chunks
1085	Trump says he will leave office if Electoral College votes for Biden	Trump says he will leave office if Electoral College votes for Biden	no_deleted_chunks	no_added_chunks
1634	Hillary Clinton Rips Bernie Sanders: 'Nobody Likes Him'	Hillary Clinton Rips Bernie Sanders: 'Nobody Likes Him'	no_deleted_chunks	no_added_chunks
1826	Trump scraps secret meetings with Afghan, Taliban leaders after deadly bombing	Trump scraps secret meetings with Afghan, Taliban leaders after deadly bombing	no_deleted_chunks	no_added_chunks
176	DOJ charges Oath Keepers founder, 10 others with seditious conspiracy related to Jan. 6 riot	DOJ charges Oath Keepers founder, 10 others with seditious conspiracy related to Jan. 6 riot	no_deleted_chunks	no_added_chunks
840	Arkansas Gov. Asa Hutchinson Vetoes Bill To Ban Transgender Surgery For Minors	Arkansas Gov. Asa Hutchinson Vetoes Bill To Ban Transgender Surgery For Minors	no_deleted_chunks	no_added_chunks
1057	Swalwell Says His Ties to Chinese Spy Were Leaked Because of Trump Criticism	Swalwell Says His Ties to Chinese Spy Were Leaked Because of Trump Criticism	no_deleted_chunks	no_added_chunks
1768	Trump celebrates ‘great day for civilization’ as Pence, Pompeo secure Syria cease-fire agreement	Trump celebrates ‘great day for civilization’ as Pence, Pompeo secure Syria cease-fire agreement	no_deleted_chunks	no_added_chunks
1449	George Floyd Will Be Laid to Rest in Hometown of Houston After Private Memorial Service	George Floyd Will Be Laid to Rest in Hometown of Houston After Private Memorial Service	no_deleted_chunks	no_added_chunks
46	Russian troops aiming to 'mine' nuclear plant to 'blackmail the whole of Europe:' Zaporizhzhia employees	Russian troops aiming to 'mine' nuclear plant to 'blackmail the whole of Europe:' Zaporizhzhia employees	no_deleted_chunks	no_added_chunks
2183	Senate Overwhelmingly Passes Criminal Justice Overhaul	Senate Overwhelmingly Passes Criminal Justice Overhaul	no_deleted_chunks	no_added_chunks
2565	Trump considering personal pilot to lead FAA	Trump considering personal pilot to lead FAA	no_deleted_chunks	no_added_chunks
1237	Trump: DOD Will Distribute Vaccine Doses Within 24 Hours Of FDA Approval — Will Be Available To Every American By April	Trump: DOD Will Distribute Vaccine Doses Within 24 Hours Of FDA Approval — Will Be Available To Every American By April	no_deleted_chunks	no_added_chunks
2857	McConnell: We Have the Votes to Bust Filibuster on Gorsuch for Supreme Court	McConnell: We Have the Votes to Bust Filibuster on Gorsuch for Supreme Court	no_deleted_chunks	no_added_chunks
902	Scalise rips Biden school-reopening goal: 'You're afraid of standing up to the teachers union'	Scalise rips Biden school-reopening goal: 'You're afraid of standing up to the teachers union'	no_deleted_chunks	no_added_chunks
2502	Comey Memos Leaked — Here’s What They Say	Comey Memos Leaked — Here’s What They Say	no_deleted_chunks	no_added_chunks
694	Kamala Harris to Potential Migrants: ‘Do Not Come’	Kamala Harris to Potential Migrants: ‘Do Not Come’	no_deleted_chunks	no_added_chunks
119	Pelosi Instructs U.S. Athletes To Not ‘Speak Out’ During Olympics Against Communist China’s Genocide	Pelosi Instructs U.S. Athletes To Not ‘Speak Out’ During Olympics Against Communist China’s Genocide	no_deleted_chunks	no_added_chunks
2861	Historic moment for Britain as Article 50 letter is FINALLY delivered to the EU headquarters	Historic moment for Britain as Article 50 letter is FINALLY delivered to the EU headquarters	no_deleted_chunks	no_added_chunks
327	Judge Shuts Down Rittenhouse Prosecutor’s Questioning For Possible ‘Grave Constitutional Violation’	Judge Shuts Down Rittenhouse Prosecutor’s Questioning For Possible ‘Grave Constitutional Violation’	no_deleted_chunks	no_added_chunks
2651	Powerful Dem Representative John Conyers hit by report on sexual conduct with ex-staffers	Powerful Dem Representative John Conyers hit by report on sexual conduct with ex-staffers	no_deleted_chunks	no_added_chunks
2314	Kavanaugh questioning enters final stretch, as Dems seem to lay traps	Kavanaugh questioning enters final stretch, as Dems seem to lay traps	no_deleted_chunks	no_added_chunks
586	Mississippi Brief in Dobbs Calls for Overruling of Roe and Casey	Mississippi Brief in Dobbs Calls for Overruling of Roe and Casey	no_deleted_chunks	no_added_chunks
1434	Kudlow: 'There Is No Second Spike' of Virus	Kudlow: 'There Is No Second Spike' of Virus	no_deleted_chunks	no_added_chunks
1860	Trump retweets post implying Bill Clinton behind Jeffrey Epstein’s death	Trump retweets post implying Bill Clinton behind Jeffrey Epstein’s death	no_deleted_chunks	no_added_chunks
2179	President Trump Will Win The Shutdown Showdown	President Trump Will Win The Shutdown Showdown	no_deleted_chunks	no_added_chunks
441	A Tale of Two Drone Strikes	A Tale of Two Drone Strikes	no_deleted_chunks	no_added_chunks
462	The No's have it - Gov. Gavin Newsom survives in California recall election	The No's have it - Gov. Gavin Newsom survives in California recall election	no_deleted_chunks	no_added_chunks
1017	Marco Rubio backs $2,000 stimulus checks, calls for Congress to 'quickly pass legislation'	Marco Rubio backs $2,000 stimulus checks, calls for Congress to 'quickly pass legislation'	no_deleted_chunks	no_added_chunks
2117	If Cory Booker Wants to Win, He’ll Need to Play Partisan	If Cory Booker Wants to Win, He’ll Need to Play Partisan	no_deleted_chunks	no_added_chunks
167	Democrats play with filibuster fire	Democrats play with filibuster fire	no_deleted_chunks	no_added_chunks
1498	Flynn judge to allow 'amicus' submissions, delaying immediate resolution and drawing planned ethics complaint	Flynn judge to allow 'amicus' submissions, delaying immediate resolution and drawing planned ethics complaint	no_deleted_chunks	no_added_chunks
831	Prince Philip, Duke of Edinburgh and Queen Elizabeth II's husband, dead at 99	Prince Philip, Duke of Edinburgh and Queen Elizabeth II's husband, dead at 99	no_deleted_chunks	no_added_chunks
2550	Pink slips and promotions fly at White House in chaotic day of turnover	Pink slips and promotions fly at White House in chaotic day of turnover	no_deleted_chunks	no_added_chunks
1339	Trump Campaign Manager: We Want More Biden Debates, Sooner	Trump Campaign Manager: We Want More Biden Debates, Sooner	no_deleted_chunks	no_added_chunks
1285	Frightening images emerge on social media of Hurricane Laura's landfall and aftermath	Frightening images emerge on social media of Hurricane Laura's landfall and aftermath	no_deleted_chunks	no_added_chunks
975	NRA files for bankruptcy, announces it's ditching New York for Texas	NRA files for bankruptcy, announces it's ditching New York for Texas	no_deleted_chunks	no_added_chunks
2721	OPINION: NFL protests: Stars should get off their knees and lead a constructive conversation on race	OPINION: NFL protests: Stars should get off their knees and lead a constructive conversation on race	no_deleted_chunks	no_added_chunks
2637	Why Trump is right in recognizing Jerusalem as Israel's capital	Why Trump is right in recognizing Jerusalem as Israel's capital	no_deleted_chunks	no_added_chunks
2000	Imprisoning Bill Barr is left’s new rallying cry: ‘Have him locked up’	Imprisoning Bill Barr is left’s new rallying cry: ‘Have him locked up’	no_deleted_chunks	no_added_chunks
1864	It Sounds Like Trump Is Getting Close to Commuting Blagojevich's Sentence	It Sounds Like Trump Is Getting Close to Commuting Blagojevich's Sentence	no_deleted_chunks	no_added_chunks
850	719,000 Americans file for first-time unemployment benefits	719,000 Americans file for first-time unemployment benefits	no_deleted_chunks	no_added_chunks
1623	Here is How Questioning From Senators Will Be Handled During the Impeachment Trial Today	Here is How Questioning From Senators Will Be Handled During the Impeachment Trial Today	no_deleted_chunks	no_added_chunks
1348	Attorney General William Barr Testifies Before House Judiciary Committee	Attorney General William Barr Testifies Before House Judiciary Committee	no_deleted_chunks	no_added_chunks
1151	Senate confirms Amy Coney Barrett to Supreme Court, cements 6-3 conservative majority	Senate confirms Amy Coney Barrett to Supreme Court, cements 6-3 conservative majority	no_deleted_chunks	no_added_chunks
1281	Trump makes riveting case for reelection, shows America what it is in for if Biden wins	Trump makes riveting case for reelection, shows America what it is in for if Biden wins	no_deleted_chunks	no_added_chunks
680	G-7 Nations Call For WHO-Led Investigation Into COVID-19 Origins In China	G-7 Nations Call For WHO-Led Investigation Into COVID-19 Origins In China	no_deleted_chunks	no_added_chunks
2366	Democrats’ Supreme Hypocrisy on Labor Rights	Democrats’ Supreme Hypocrisy on Labor Rights	no_deleted_chunks	no_added_chunks
1163	Presidential debate host Kristen Welker: 4 things you need to know	Presidential debate host Kristen Welker: 4 things you need to know	no_deleted_chunks	no_added_chunks
1741	Trump Ups Attempt to Discredit Whistleblower	Trump Ups Attempt to Discredit Whistleblower	no_deleted_chunks	no_added_chunks
1866	Rights Violating Confiscation? Or a Good Idea? Lindsey Graham Announces New Agreement to Fund State Based Red Flag Laws	Rights Violating Confiscation? Or a Good Idea? Lindsey Graham Announces New Agreement to Fund State Based Red Flag Laws	no_deleted_chunks	no_added_chunks
2685	Trump rips Corker: 'Couldn’t get elected dog catcher'	Trump rips Corker: 'Couldn’t get elected dog catcher'	no_deleted_chunks	no_added_chunks
1437	Trump Administration Reverses Obama-Era Regulation That Redefined ‘Sex’	Trump Administration Reverses Obama-Era Regulation That Redefined ‘Sex’	no_deleted_chunks	no_added_chunks
1597	Roger Stone Sentenced To 3 Years For Lying To Congress, Trump Hints At Pardon	Roger Stone Sentenced To 3 Years For Lying To Congress, Trump Hints At Pardon	no_deleted_chunks	no_added_chunks
2838	White House disputes explosive report that Trump asked Comey to end Flynn probe	White House disputes explosive report that Trump asked Comey to end Flynn probe	no_deleted_chunks	no_added_chunks
983	New Study Finds COVID Transmission in Schools Is ‘Extremely Rare’	New Study Finds COVID Transmission in Schools Is ‘Extremely Rare’	no_deleted_chunks	no_added_chunks
1366	Trump, Pelosi order flags at half-staff to honor John Lewis; possible he could lie in state	Trump, Pelosi order flags at half-staff to honor John Lewis; possible he could lie in state	no_deleted_chunks	no_added_chunks
1077	Bipartisan Group of Lawmakers Propose COVID Relief Package as Negotiations Stall	Bipartisan Group of Lawmakers Propose COVID Relief Package as Negotiations Stall	no_deleted_chunks	no_added_chunks
1182	Biden again dodges court-packing question, hints he is 'not a fan'	Biden again dodges court-packing question, hints he is 'not a fan'	no_deleted_chunks	no_added_chunks
596	First Capitol Rioter Charged With Felony Gets Jail Time	First Capitol Rioter Charged With Felony Gets Jail Time	no_deleted_chunks	no_added_chunks
1656	Pelosi moves to limit Trump’s actions in Iran with War Powers Resolution vote	Pelosi moves to limit Trump’s actions in Iran with War Powers Resolution vote	no_deleted_chunks	no_added_chunks
2250	Congress faces tough choices on Saudi Arabia in wake of Khashoggi killing	Congress faces tough choices on Saudi Arabia in wake of Khashoggi killing	no_deleted_chunks	no_added_chunks
862	H.R. 1 Is a Partisan Disgrace	H.R. 1 Is a Partisan Disgrace	no_deleted_chunks	no_added_chunks
2419	Virginia restaurant owner kicks out Sarah Huckabee Sanders over ‘moral conviction.’ Backlash ensues.	Virginia restaurant owner kicks out Sarah Huckabee Sanders over ‘moral conviction.’ Backlash ensues.	no_deleted_chunks	no_added_chunks
750	CDC Announces Vaccinated Americans No Longer Need to Wear Masks Indoors in Most Situations	CDC Announces Vaccinated Americans No Longer Need to Wear Masks Indoors in Most Situations	no_deleted_chunks	no_added_chunks
2568	Bump stock prices jump after Trump comments, report says	Bump stock prices jump after Trump comments, report says	no_deleted_chunks	no_added_chunks
2877	US spies reportedly keeping intelligence from Trump	US spies reportedly keeping intelligence from Trump	no_deleted_chunks	no_added_chunks
1887	Trump says U.S. Navy destroyed 'provocative and hostile' Iranian drone that flew within 1,000 yards and ignored warnings to retreat	Trump says U.S. Navy destroyed 'provocative and hostile' Iranian drone that flew within 1,000 yards and ignored warnings to retreat	no_deleted_chunks	no_added_chunks
306	Judge Bans MSNBC From Rittenhouse Trial	Judge Bans MSNBC From Rittenhouse Trial	no_deleted_chunks	no_added_chunks
673	Biden calls tone of Putin meeting 'positive,' says he made 'no threats' but warned of consequences	Biden calls tone of Putin meeting 'positive,' says he made 'no threats' but warned of consequences	no_deleted_chunks	no_added_chunks
1316	Trump Floats False Kamala Harris Birther Theory After Being Given Every Opportunity To Refute It	Trump Floats False Kamala Harris Birther Theory After Being Given Every Opportunity To Refute It	no_deleted_chunks	no_added_chunks
521	Florida COVID-19 surge to peak next week, researchers project	Florida COVID-19 surge to peak next week, researchers project	no_deleted_chunks	no_added_chunks
349	Virginia Upset Brewing? McAuliffe Missteps Give Youngkin an Opening in Election Day’s Marquee Race	Virginia Upset Brewing? McAuliffe Missteps Give Youngkin an Opening in Election Day’s Marquee Race	no_deleted_chunks	no_added_chunks
2716	Health Secretary Price Resigns Amid Charter Flight Flap	Health Secretary Price Resigns Amid Charter Flight Flap	no_deleted_chunks	no_added_chunks
2217	WHAT BIAS? Washington Post Puts Story About Kavanaugh Coaching Basketball Under ‘Public Safety’ Tag	WHAT BIAS? Washington Post Puts Story About Kavanaugh Coaching Basketball Under ‘Public Safety’ Tag	no_deleted_chunks	no_added_chunks
2675	The Russia Dossier Story: A Perfect Storm of Clinton Deception, Media Irresponsibility, and Democratic Moral Blindness	The Russia Dossier Story: A Perfect Storm of Clinton Deception, Media Irresponsibility, and Democratic Moral Blindness	no_deleted_chunks	no_added_chunks
635	Biden annoyed by repeated questions on Afghanistan: 'I'm not going to answer ... It's a holiday weekend'	Biden annoyed by repeated questions on Afghanistan: 'I'm not going to answer ... It's a holiday weekend'	no_deleted_chunks	no_added_chunks
1293	Rioters Devastate Kenosha: Businesses Destroyed, Cars Torched	Rioters Devastate Kenosha: Businesses Destroyed, Cars Torched	no_deleted_chunks	no_added_chunks
2017	Congressman Who Wanted To Oust Pelosi Wants To Take On Trump In 2020	Congressman Who Wanted To Oust Pelosi Wants To Take On Trump In 2020	no_deleted_chunks	no_added_chunks
258	The Folly of ‘Woke’ Math	The Folly of ‘Woke’ Math	no_deleted_chunks	no_added_chunks
1687	Pentagon Watchdog to Review Border-Wall Contract Awarded to Company Repeatedly Praised by Trump	Pentagon Watchdog to Review Border-Wall Contract Awarded to Company Repeatedly Praised by Trump	no_deleted_chunks	no_added_chunks
572	Defend Simone Biles, but Don’t Glorify Quitting	Defend Simone Biles, but Don’t Glorify Quitting	no_deleted_chunks	no_added_chunks
1955	The Latest: Donor says university is punishing him	The Latest: Donor says university is punishing him	no_deleted_chunks	no_added_chunks
1995	One dead after militant gunmen storm five-star hotel in Pakistan in 'attack on multi-billion-dollar Chinese investment'	One dead after militant gunmen storm five-star hotel in Pakistan in 'attack on multi-billion-dollar Chinese investment'	no_deleted_chunks	no_added_chunks
1742	'That poor bastard!' - Trump mocks Beto O'Rourke during rally after his exit from presidential race	'That poor bastard!' - Trump mocks Beto O'Rourke during rally after his exit from presidential race	no_deleted_chunks	no_added_chunks
1374	ViacomCBS Terminates Nick Cannon Over Anti-Semitic Remarks, Does Not Mention Anti-White Remarks	ViacomCBS Terminates Nick Cannon Over Anti-Semitic Remarks, Does Not Mention Anti-White Remarks	no_deleted_chunks	no_added_chunks
1678	BREAKING: Partisan House Votes to Impeach President Trump, Some Democrats Defect	BREAKING: Partisan House Votes to Impeach President Trump, Some Democrats Defect	no_deleted_chunks	no_added_chunks
217	Fauci: Vaccine Requirement for Domestic Air Travel ‘Should Seriously Be Considered’	Fauci: Vaccine Requirement for Domestic Air Travel ‘Should Seriously Be Considered’	no_deleted_chunks	no_added_chunks
2921	FACT CHECK: Claims in the VP debate	FACT CHECK: Claims in the VP debate	no_deleted_chunks	no_added_chunks
1341	Gorsuch and Kavanaugh Stake Out Their Independence from Trump	Gorsuch and Kavanaugh Stake Out Their Independence from Trump	no_deleted_chunks	no_added_chunks
233	Sen. Joe Manchin All But Kills Biden's Budget Busting 'Build Back Better' Package	Sen. Joe Manchin All But Kills Biden's Budget Busting 'Build Back Better' Package	no_deleted_chunks	no_added_chunks
740	Netanyahu brushes off Biden call for 'significant de-escalation' in Gaza, says Israel 'determined to continue'	Netanyahu brushes off Biden call for 'significant de-escalation' in Gaza, says Israel 'determined to continue'	no_deleted_chunks	no_added_chunks
385	Defending Dave Chappelle	Defending Dave Chappelle	no_deleted_chunks	no_added_chunks
223	Kim Potter trial: Minneapolis jury finds ex-police officer guilty in death of Daunte Wright	Kim Potter trial: Minneapolis jury finds ex-police officer guilty in death of Daunte Wright	no_deleted_chunks	no_added_chunks
336	Biden, Democrats celebrate after $1.2T infrastructure bill passes -- despite some 'no' votes	Biden, Democrats celebrate after $1.2T infrastructure bill passes -- despite some 'no' votes	no_deleted_chunks	no_added_chunks
1665	US Embassy compound in Baghdad under siege as crowds protesting airstrikes break through gate	US Embassy compound in Baghdad under siege as crowds protesting airstrikes break through gate	no_deleted_chunks	no_added_chunks
271	November Jobs Report Falls Well Short of Expectations	November Jobs Report Falls Well Short of Expectations	no_deleted_chunks	no_added_chunks
1385	Trump signs executive order to expand school choice for Hispanic students	Trump signs executive order to expand school choice for Hispanic students	no_deleted_chunks	no_added_chunks
2828	'Comey's a Leaker': The Fallout from Fired FBI Director's Bombshell Testimony	'Comey's a Leaker': The Fallout from Fired FBI Director's Bombshell Testimony	no_deleted_chunks	no_added_chunks
780	Pentagon cancels Trump-era border wall construction paid for by military funds	Pentagon cancels Trump-era border wall construction paid for by military funds	no_deleted_chunks	no_added_chunks
480	Biden's standing among Americans nosedives in wake of rocky Afghanistan exit, COVID surge	Biden's standing among Americans nosedives in wake of rocky Afghanistan exit, COVID surge	no_deleted_chunks	no_added_chunks
171	Don’t negotiate with teachers who walk out over covid. Fire them.	Don’t negotiate with teachers who walk out over covid. Fire them.	no_deleted_chunks	no_added_chunks
1356	Judge Orders Michael Cohen Released From Prison	Judge Orders Michael Cohen Released From Prison	no_deleted_chunks	no_added_chunks
2788	Graham to Introduce Legislation to Make it Hard for Trump to Fire Mueller	Graham to Introduce Legislation to Make it Hard for Trump to Fire Mueller	no_deleted_chunks	no_added_chunks
744	Supreme Court Agrees to Hear Major Abortion Case	Supreme Court Agrees to Hear Major Abortion Case	no_deleted_chunks	no_added_chunks
2350	FBI fires Peter Strzok, months after anti-Trump texts revealed	FBI fires Peter Strzok, months after anti-Trump texts revealed	no_deleted_chunks	no_added_chunks
2501	It's Official: DOJ Inspector General Refers Lyin' McCabe To Federal Prosecutor For Possible Criminal Charges	It's Official: DOJ Inspector General Refers Lyin' McCabe To Federal Prosecutor For Possible Criminal Charges	no_deleted_chunks	no_added_chunks
2889	Berlin Police Launch Manhunt For Tunisian Refugee Suspect  	Berlin Police Launch Manhunt For Tunisian Refugee Suspect  	no_deleted_chunks	no_added_chunks
2831	"Theresa May On Defeating Terrorism: ""Yes, That Means Taking Military Action"""	"Theresa May On Defeating Terrorism: ""Yes, That Means Taking Military Action"""	no_deleted_chunks	no_added_chunks
2545	Mueller Blasts Trump Org With Subpoenas, Is Reviewing Business Dealings With Russia	Mueller Blasts Trump Org With Subpoenas, Is Reviewing Business Dealings With Russia	no_deleted_chunks	no_added_chunks
1302	Senate Intel Panel Finds ‘Absolutely No Evidence’ of Collusion, Faced Roadblocks	Senate Intel Panel Finds ‘Absolutely No Evidence’ of Collusion, Faced Roadblocks	no_deleted_chunks	no_added_chunks
1873	California Gov. Gavin Newsom to Sign Bill Requiring Trump Tax Returns	California Gov. Gavin Newsom to Sign Bill Requiring Trump Tax Returns	no_deleted_chunks	no_added_chunks
1149	Coronavirus relief likely on pause until after election as Trump promises 'best stimulus package'	Coronavirus relief likely on pause until after election as Trump promises 'best stimulus package'	no_deleted_chunks	no_added_chunks
2932	University Of Chicago Sends The Acceptance Letter Every College Should	University Of Chicago Sends The Acceptance Letter Every College Should	no_deleted_chunks	no_added_chunks
2573	Federal Judge Temporarily Blocks Trump Efforts to End DACA Program	Federal Judge Temporarily Blocks Trump Efforts to End DACA Program	no_deleted_chunks	no_added_chunks
1712	Ex-NSC aide Fiona Hill clashes with GOP reps over Ukraine ‘fictions’ charge in testy hearing	Ex-NSC aide Fiona Hill clashes with GOP reps over Ukraine ‘fictions’ charge in testy hearing	no_deleted_chunks	no_added_chunks
548	Mainstream media silent while Obama dances maskless in a crowded tent	Mainstream media silent while Obama dances maskless in a crowded tent	no_deleted_chunks	no_added_chunks
1575	US military targets Taliban forces in 'defensive' airstrike, first strike since historic peace deal	US military targets Taliban forces in 'defensive' airstrike, first strike since historic peace deal	no_deleted_chunks	no_added_chunks
224	Housing Prices Continue To Soar Amid Supply Chain, Inventory Crisis	Housing Prices Continue To Soar Amid Supply Chain, Inventory Crisis	no_deleted_chunks	no_added_chunks
1606	Trump Congratulates AG Barr for ‘Taking Charge’ of Roger Stone Case	Trump Congratulates AG Barr for ‘Taking Charge’ of Roger Stone Case	no_deleted_chunks	no_added_chunks
2765	Kim Jong Un Backs Down In Nuclear Showdown With Trump	Kim Jong Un Backs Down In Nuclear Showdown With Trump	no_deleted_chunks	no_added_chunks
1760	Diplomat Bill Taylor testifies two channels were created for Ukraine policy, 'one regular, one irregular'	Diplomat Bill Taylor testifies two channels were created for Ukraine policy, 'one regular, one irregular'	no_deleted_chunks	no_added_chunks
1461	Antifa arrests coming, concerns over riots heading to suburbia, government source says	Antifa arrests coming, concerns over riots heading to suburbia, government source says	no_deleted_chunks	no_added_chunks
245	NYC Law Giving Non-Citizens Right to Vote Violates Federal and State Constitutions	NYC Law Giving Non-Citizens Right to Vote Violates Federal and State Constitutions	no_deleted_chunks	no_added_chunks
1061	No, The Georgia Vote-Counting Video Was Not ‘Debunked.’ Not Even Close	No, The Georgia Vote-Counting Video Was Not ‘Debunked.’ Not Even Close	no_deleted_chunks	no_added_chunks
623	HHS Secretary Becerra: 'Absolutely the government's business' to know which Americans haven't been vaccinated	HHS Secretary Becerra: 'Absolutely the government's business' to know which Americans haven't been vaccinated	no_deleted_chunks	no_added_chunks
995	Kevin McCarthy: Impeaching Trump Would Only Further Divide America	Kevin McCarthy: Impeaching Trump Would Only Further Divide America	no_deleted_chunks	no_added_chunks
1407	American Academy of Pediatrics Recommends Schools Reopen	American Academy of Pediatrics Recommends Schools Reopen	no_deleted_chunks	no_added_chunks
2294	Kavanaugh Accuser Wants an FBI Probe Before She'll Testify - Now What?	Kavanaugh Accuser Wants an FBI Probe Before She'll Testify - Now What?	no_deleted_chunks	no_added_chunks
787	Americans' Failure to Get 2nd COVID Shot Shows Need for 1-Dose Vaccine	Americans' Failure to Get 2nd COVID Shot Shows Need for 1-Dose Vaccine	no_deleted_chunks	no_added_chunks
1926	Illinois becomes 11th state in US to legalize recreational marijuana, first to set up statewide marketplace	Illinois becomes 11th state in US to legalize recreational marijuana, first to set up statewide marketplace	no_deleted_chunks	no_added_chunks
919	Biden lays out 'prescription' for U.S.-China relations in first call with Xi Jinping since taking office	Biden lays out 'prescription' for U.S.-China relations in first call with Xi Jinping since taking office	no_deleted_chunks	no_added_chunks
339	Justice Department sues Texas over election integrity legislation	Justice Department sues Texas over election integrity legislation	no_deleted_chunks	no_added_chunks
1311	CNN Poll: Trump, Biden Tied in 15 Battleground States	CNN Poll: Trump, Biden Tied in 15 Battleground States	no_deleted_chunks	no_added_chunks
2016	House Dem Leaders Try to Tone Down Impeachment Talk	House Dem Leaders Try to Tone Down Impeachment Talk	no_deleted_chunks	no_added_chunks
1051	Facebook Acquisitions Benefitted Its Employees, Sellers, and Consumers. Where Is the Harm?	Facebook Acquisitions Benefitted Its Employees, Sellers, and Consumers. Where Is the Harm?	no_deleted_chunks	no_added_chunks
2518	Martin Luther King’s wisdom, words and compassion are needed now more than ever	Martin Luther King’s wisdom, words and compassion are needed now more than ever	no_deleted_chunks	no_added_chunks
1696	Nikki Haley fires back at 'pure garbage' report misrepresenting what she said about the confederate flag	Nikki Haley fires back at 'pure garbage' report misrepresenting what she said about the confederate flag	no_deleted_chunks	no_added_chunks
1261	'Deceptively edited' video claiming Trump is 'disoriented' slammed as false after it goes viral	'Deceptively edited' video claiming Trump is 'disoriented' slammed as false after it goes viral	no_deleted_chunks	no_added_chunks
2906	'Professional protesters' riot over Trump's election, attacking bystanders and vandalizing cars, property	'Professional protesters' riot over Trump's election, attacking bystanders and vandalizing cars, property	no_deleted_chunks	no_added_chunks
917	Biden Announces 200M New Vaccine Doses, Rips Trump Admin Distribution Plan	Biden Announces 200M New Vaccine Doses, Rips Trump Admin Distribution Plan	no_deleted_chunks	no_added_chunks
1735	Judge Rules Federally Funded Doctors and Nurses Must Ignore Conscience and Perform Abortions If Asked to Do So	Judge Rules Federally Funded Doctors and Nurses Must Ignore Conscience and Perform Abortions If Asked to Do So	no_deleted_chunks	no_added_chunks
2051	EU leaders agree to short-term Brexit delay, granting PM Theresa May a lifeline	EU leaders agree to short-term Brexit delay, granting PM Theresa May a lifeline	no_deleted_chunks	no_added_chunks
1587	ABC’s David Wright Admits Network Doesn’t Care About News	ABC’s David Wright Admits Network Doesn’t Care About News	no_deleted_chunks	no_added_chunks
461	Simone Biles, Olympic Gymnasts Blister FBI Over Handling Of Larry Nassar Case In Explosive Congressional Testimony	Simone Biles, Olympic Gymnasts Blister FBI Over Handling Of Larry Nassar Case In Explosive Congressional Testimony	no_deleted_chunks	no_added_chunks
2315	Anonymous Official in NYT Op-Ed: I’m Working to Control Trump’s ‘Worst Inclinations’	Anonymous Official in NYT Op-Ed: I’m Working to Control Trump’s ‘Worst Inclinations’	no_deleted_chunks	no_added_chunks
2028	Bernie Sanders Introduces A New, Revamped Medicare-For-All Plan	Bernie Sanders Introduces A New, Revamped Medicare-For-All Plan	no_deleted_chunks	no_added_chunks
1517	Jobless Claims Fall to 3.84 Million	Jobless Claims Fall to 3.84 Million	no_deleted_chunks	no_added_chunks
1986	Bill Barr vows to uncover 'exactly what happened' with Russia probe, says explanations have been 'inadequate'	Bill Barr vows to uncover 'exactly what happened' with Russia probe, says explanations have been 'inadequate'	no_deleted_chunks	no_added_chunks
1074	Trump Demands Repeal of Section 230 Tech Liability Shield	Trump Demands Repeal of Section 230 Tech Liability Shield	no_deleted_chunks	no_added_chunks
2078	Dems Continue Their Assault on The Trump Administration By Launching Another Probe	Dems Continue Their Assault on The Trump Administration By Launching Another Probe	no_deleted_chunks	no_added_chunks
2817	Soft Core Fake News: Playboy Mag Rushes to CNN’s Defense in White House Briefing	Soft Core Fake News: Playboy Mag Rushes to CNN’s Defense in White House Briefing	no_deleted_chunks	no_added_chunks
2554	Trump: Efforts to raise minimum age for buying long guns 'moving rapidly'	Trump: Efforts to raise minimum age for buying long guns 'moving rapidly'	no_deleted_chunks	no_added_chunks
2138	Pelosi: Let's Push Back the State of the Union	Pelosi: Let's Push Back the State of the Union	no_deleted_chunks	no_added_chunks
2412	Putin, Trump to Have Summit in Helsinki on July 16	Putin, Trump to Have Summit in Helsinki on July 16	no_deleted_chunks	no_added_chunks
758	Gas Prices Hit Highest Point Since 2014 after Pipeline Hack	Gas Prices Hit Highest Point Since 2014 after Pipeline Hack	no_deleted_chunks	no_added_chunks
1069	Biden to call for 100 days of masks after inauguration	Biden to call for 100 days of masks after inauguration	no_deleted_chunks	no_added_chunks
1345	Federal agents to begin leaving Portland’s downtown: DHS, Oregon governor	Federal agents to begin leaving Portland’s downtown: DHS, Oregon governor	no_deleted_chunks	no_added_chunks
204	FDA approves Pfizer coronavirus vaccine boosters for children as young as 12	FDA approves Pfizer coronavirus vaccine boosters for children as young as 12	no_deleted_chunks	no_added_chunks
2821	Anthem pulls out of ObamaCare exchanges in Midwest, fueling GOP repeal push	Anthem pulls out of ObamaCare exchanges in Midwest, fueling GOP repeal push	no_deleted_chunks	no_added_chunks
791	Newsom recall officially triggered as verified signature threshold met	Newsom recall officially triggered as verified signature threshold met	no_deleted_chunks	no_added_chunks
1172	Trump Administration Makes Deal With CVS, Walgreens To Distribute Coronavirus Vaccine To Nursing Homes Once It’s Available	Trump Administration Makes Deal With CVS, Walgreens To Distribute Coronavirus Vaccine To Nursing Homes Once It’s Available	no_deleted_chunks	no_added_chunks
115	After Backlash, GoFundMe Says It Will Automatically Refund ‘Freedom Convoy’ Donors	After Backlash, GoFundMe Says It Will Automatically Refund ‘Freedom Convoy’ Donors	no_deleted_chunks	no_added_chunks
2274	Grassley Has Reviewed the FBI Report--Here's How He Described It	Grassley Has Reviewed the FBI Report--Here's How He Described It	no_deleted_chunks	no_added_chunks
2177	Supreme Court rejects Trump bid to enforce asylum crackdown	Supreme Court rejects Trump bid to enforce asylum crackdown	no_deleted_chunks	no_added_chunks
2033	Trump declares 'country is full' in Fox News interview, says US can no longer accept illegal immigrants	Trump declares 'country is full' in Fox News interview, says US can no longer accept illegal immigrants	no_deleted_chunks	no_added_chunks
1993	China Retaliates Against Trump, Hikes Tariffs on $60B of US Goods	China Retaliates Against Trump, Hikes Tariffs on $60B of US Goods	no_deleted_chunks	no_added_chunks
2735	Seattle Mayor Ed Murray to resign following multiple accusations of sexual abuse	Seattle Mayor Ed Murray to resign following multiple accusations of sexual abuse	no_deleted_chunks	no_added_chunks
1240	Biden's Town Hall Event Shows Why CNN Isn't Moderating the Presidential Debates	Biden's Town Hall Event Shows Why CNN Isn't Moderating the Presidential Debates	no_deleted_chunks	no_added_chunks
2579	Pelosi celebrates her grandson's racial self-hatred in marathon House speech	Pelosi celebrates her grandson's racial self-hatred in marathon House speech	no_deleted_chunks	no_added_chunks
2380	DOJ releases Carter Page FISA docs	DOJ releases Carter Page FISA docs	no_deleted_chunks	no_added_chunks
751	Israeli Ground Troops Attack Targets In Gaza	Israeli Ground Troops Attack Targets In Gaza	no_deleted_chunks	no_added_chunks
629	Biden Sets Out Plan To Go ‘Door To Door’ To Urge Americans To Take COVID-19 Vaccine Shots	Biden Sets Out Plan To Go ‘Door To Door’ To Urge Americans To Take COVID-19 Vaccine Shots	no_deleted_chunks	no_added_chunks
783	Rose McGowan pushes back on critics of her Fox News appearance, gets blocked by Olbermann	Rose McGowan pushes back on critics of her Fox News appearance, gets blocked by Olbermann	no_deleted_chunks	no_added_chunks
2101	William Barr is our new attorney general -- Here are four things he should focus on right away	William Barr is our new attorney general -- Here are four things he should focus on right away	no_deleted_chunks	no_added_chunks
1241	Trump announces commission promoting ‘patriotic education’	Trump announces commission promoting ‘patriotic education’	no_deleted_chunks	no_added_chunks
2834	Mike Dubke Resigns as White House Communications Director	Mike Dubke Resigns as White House Communications Director	no_deleted_chunks	no_added_chunks
161	Biden vowed a return to normalcy — instead, we got a year of chaos	Biden vowed a return to normalcy — instead, we got a year of chaos	no_deleted_chunks	no_added_chunks
876	US to sanction 7 senior Russian officials over Navalny poisoning	US to sanction 7 senior Russian officials over Navalny poisoning	no_deleted_chunks	no_added_chunks
1130	Trump to Demand Recount in Wisconsin	Trump to Demand Recount in Wisconsin	no_deleted_chunks	no_added_chunks
2496	Bernie Sanders Has No Cost Estimate on His Guaranteed-Jobs Plan	Bernie Sanders Has No Cost Estimate on His Guaranteed-Jobs Plan	no_deleted_chunks	no_added_chunks
2351	Immigration and the ‘Hypocrisy’ Charge	Immigration and the ‘Hypocrisy’ Charge	no_deleted_chunks	no_added_chunks
955	Biden Ends Partial Ban on Transgender Soldiers in U.S. Military	Biden Ends Partial Ban on Transgender Soldiers in U.S. Military	no_deleted_chunks	no_added_chunks
62	Peace Talks Under Way in Belarus as Russian Advance Continues	Peace Talks Under Way in Belarus as Russian Advance Continues	no_deleted_chunks	no_added_chunks
2500	Trump: North Korea Has Agreed To Close A Major Nuclear Weapons Testing Site	Trump: North Korea Has Agreed To Close A Major Nuclear Weapons Testing Site	no_deleted_chunks	no_added_chunks
212	Daily Cases Of Coronavirus Smash Records In U.S. After Biden Promised To ‘Shut Down The Virus’	Daily Cases Of Coronavirus Smash Records In U.S. After Biden Promised To ‘Shut Down The Virus’	no_deleted_chunks	no_added_chunks
1171	San Francisco Free Speech Rally Shut Down 'Within Minutes' After Counter-Protesters Attack Trump Supporters	San Francisco Free Speech Rally Shut Down 'Within Minutes' After Counter-Protesters Attack Trump Supporters	no_deleted_chunks	no_added_chunks
718	Biden’s 2022 Budget Would Push Federal Spending to Highest Levels Since WWII	Biden’s 2022 Budget Would Push Federal Spending to Highest Levels Since WWII	no_deleted_chunks	no_added_chunks
2890	Manhunt for Berlin attacker continues; police treating assault as act of terrorism	Manhunt for Berlin attacker continues; police treating assault as act of terrorism	no_deleted_chunks	no_added_chunks
992	Parler CEO: Tech Companies Coordinated Plan to Close Us Down	Parler CEO: Tech Companies Coordinated Plan to Close Us Down	no_deleted_chunks	no_added_chunks
899	‘America First’ Diplomacy Is Over, Biden Tells G-7 Summit	‘America First’ Diplomacy Is Over, Biden Tells G-7 Summit	no_deleted_chunks	no_added_chunks
1503	NBC admits Chuck Todd's 'Meet the Press' deceptively edited Barr remarks on Flynn	NBC admits Chuck Todd's 'Meet the Press' deceptively edited Barr remarks on Flynn	no_deleted_chunks	no_added_chunks
2495	Judge gives Trump administration 90 days to explain move to end DACA	Judge gives Trump administration 90 days to explain move to end DACA	no_deleted_chunks	no_added_chunks
1774	Hunter Biden Leaves China Board as Trump Attacks Hit Home	Hunter Biden Leaves China Board as Trump Attacks Hit Home	no_deleted_chunks	no_added_chunks
2898	Trump Is Leaving His Business to Focus on Presidency	Trump Is Leaving His Business to Focus on Presidency	no_deleted_chunks	no_added_chunks
924	Mike Pompeo Says ‘Not A Thing’ Has Changed His View That Coronavirus Came From A Chinese Lab	Mike Pompeo Says ‘Not A Thing’ Has Changed His View That Coronavirus Came From A Chinese Lab	no_deleted_chunks	no_added_chunks
